#
# This is a file in tecplot ASCII format
#
TITLE="JavaFoil Velocity Field for NLR-7301 AIRFOIL"
VARIABLES=x	y	vx	vy	v	Cp
DATASETAUXDATA Mach = "0"
DATASETAUXDATA alfa = "11.06"
#
ZONE T='Velocity', I=31, J=61

-0.050000000000000044	-0.2816055625790139	0.7625263786628685	0.24143692394693883	0.7998363997728962	0.3602617335983317
-0.050000000000000044	-0.2628318584070797	0.7512718097914344	0.24601507788222768	0.7905268817267985	0.3750672492673043
-0.050000000000000044	-0.24405815423514543	0.7387574286556364	0.25148261699062063	0.7803883937132451	0.3909939549576612
-0.050000000000000044	-0.22528445006321118	0.7247772930475109	0.2580862667608179	0.7693572938549511	0.4080893543921864
-0.050000000000000044	-0.20651074589127694	0.7090852604161606	0.26616270478211246	0.757393221488273	0.42635550804361577
-0.050000000000000044	-0.1877370417193427	0.6913899555795675	0.27618041779053903	0.7445103718869691	0.44570430615272694
-0.050000000000000044	-0.16896333754740844	0.671355051843096	0.2888052076111692	0.7308392802652144	0.46587394642142343
-0.050000000000000044	-0.1501896333754742	0.6486153535126145	0.30500425483385857	0.7167492394687637	0.4862705277209488
-0.050000000000000044	-0.13141592920353995	0.6228346192853631	0.3262121531887102	0.7030912685194987	0.5056626681316423
-0.050000000000000044	-0.11264222503160569	0.5938682624075622	0.354590207839924	0.6916745828718428	0.5215862714090622
-0.050000000000000044	-0.09386852085967143	0.5621799156898488	0.3933967271651371	0.6861539495982566	0.5291927574507131
-0.050000000000000044	-0.07509481668773717	0.5298326213497154	0.4473638851334439	0.6934385714452291	0.5191429476319999
-0.050000000000000044	-0.05632111251580291	0.5025656959160999	0.5224741781570661	0.724949339990413	0.47444845444746453
-0.050000000000000044	-0.037547408343868646	0.492928360266945	0.6232374400324376	0.7946088817862819	0.36859672498635476
-0.050000000000000044	-0.018773704171934386	0.5210040960902078	0.7447885960184653	0.9089308669540996	0.17384467909806878
-0.050000000000000044	-1.249000902703301E-16	0.6043517283089794	0.8633885496903748	1.0538884187837436	-0.11068079924649932
-0.050000000000000044	0.018773704171934136	0.7372463770951438	0.9419822506507485	1.1961867668056543	-0.43086278108096465
-0.050000000000000044	0.037547408343868396	0.8855420530898964	0.9586830553698176	1.3050892415631499	-0.7032579284438778
-0.050000000000000044	0.05632111251580266	1.0136957147599444	0.9230082045761363	1.3709570189606737	-0.8795231478375369
-0.050000000000000044	0.07509481668773692	1.1064401929192764	0.8597349283974258	1.401197362120616	-0.9633540476137725
-0.050000000000000044	0.09386852085967118	1.166155366410939	0.7896760133658118	1.4083701731769078	-0.9835065446943534
-0.050000000000000044	0.11264222503160544	1.2017308595881595	0.7237952772892191	1.4028673003219778	-0.9680366623126744
-0.050000000000000044	0.1314159292035397	1.2215309312530422	0.6658790354028572	1.3912342382923748	-0.9355327057969642
-0.050000000000000044	0.15018963337547397	1.2314851952903338	0.6162560483811321	1.377072003704091	-0.8963273033856003
-0.050000000000000044	0.16896333754740822	1.235381282390854	0.5740139686515756	1.3622257335290664	-0.8556589490888029
-0.050000000000000044	0.18773704171934247	1.2355551775767495	0.5379726897991233	1.3475946021732266	-0.8160112118064169
-0.050000000000000044	0.20651074589127671	1.2334406037446528	0.5070344029917562	1.3335889954491902	-0.7784596087831801
-0.050000000000000044	0.22528445006321096	1.2299247318076556	0.4802773212825077	1.3203715958965623	-0.7433811512504347
-0.050000000000000044	0.2440581542351452	1.2255637196680156	0.4569570797687788	1.3079817291221283	-0.7108162037173127
-0.050000000000000044	0.26283185840707946	1.2207110506045178	0.43648072416263056	1.2963992022650739	-0.6806508916335199
-0.050000000000000044	0.2816055625790137	1.215594185540391	0.41837680616885914	1.2855770594793847	-0.6527083758596615
-0.03166666666666671	-0.2816055625790139	0.7589668359850006	0.23069435822422527	0.7932531405809686	0.37074945495843004
-0.03166666666666671	-0.2628318584070797	0.7470316270105589	0.23404964252939414	0.7828380975158146	0.38716451307781996
-0.03166666666666671	-0.24405815423514543	0.7336493352758013	0.23808257038365005	0.7713135921731905	0.4050753425288891
-0.03166666666666671	-0.22528445006321118	0.7185461125845574	0.24299103586979376	0.7585203750878777	0.4246468405765452
-0.03166666666666671	-0.20651074589127694	0.7013759386596364	0.24904997953511365	0.7442809279009684	0.4460459003628734
-0.03166666666666671	-0.1877370417193427	0.6816966371212225	0.25665109660311075	0.7284092877290644	0.469419909550037
-0.03166666666666671	-0.16896333754740844	0.6589376944581959	0.26636891386810446	0.7107399548731986	0.4948487165468436
-0.03166666666666671	-0.1501896333754742	0.6323595226197174	0.27907493355498003	0.6912028532829949	0.5222386156134466
-0.03166666666666671	-0.13141592920353995	0.6010108084632307	0.29614262328202234	0.6700107799237144	0.551085554786016
-0.03166666666666671	-0.11264222503160569	0.5637171230707589	0.31982921124131863	0.6481263142369835	0.5799322807935829
-0.03166666666666671	-0.09386852085967143	0.5192277152643073	0.35400336835363855	0.6284232690665699	0.6050841948956855
-0.03166666666666671	-0.07509481668773717	0.4669677150195328	0.40550023104748967	0.6184571806116662	0.6175107157498689
-0.03166666666666671	-0.05632111251580291	0.40983695630520633	0.48619309392012083	0.6358852532722669	0.595649944670865
-0.03166666666666671	-0.037547408343868646	0.36244598228383307	0.6132604004050837	0.7123590448493626	0.4925445912213038
-0.03166666666666671	-0.018773704171934386	0.36426215574735843	0.7954507137893478	0.874887853486203	0.2345712438223042
-0.03166666666666671	-1.249000902703301E-16	0.4692608989523618	0.9968878943137061	1.101812717804071	-0.2139912651147935
-0.03166666666666671	0.018773704171934136	0.6819529457577582	1.1257912338201677	1.3162316370510243	-0.7324657223740194
-0.03166666666666671	0.037547408343868396	0.913819991607417	1.1284004056335286	1.452017373344855	-1.1083544524952917
-0.03166666666666671	0.05632111251580266	1.0886047842089455	1.0446361011730263	1.5087494689565217	-1.2763249600765865
-0.03166666666666671	0.07509481668773692	1.192704646290406	0.9339297127040207	1.5148495243931448	-1.2947690815541368
-0.03166666666666671	0.09386852085967118	1.2459296320558286	0.830618244645293	1.49742022036982	-1.2422673163723998
-0.03166666666666671	0.11264222503160544	1.2699023317567049	0.7445063427373038	1.472053540662564	-1.1669416265771915
-0.03166666666666671	0.1314159292035397	1.2783606954250575	0.6748838341327945	1.445570564580442	-1.089674257181418
-0.03166666666666671	0.15018963337547397	1.2787435312161999	0.6185640766336531	1.4204951726524522	-1.01780653552892
-0.03166666666666671	0.16896333754740822	1.274936981657485	0.5724893004107254	1.39757229018132	-0.9532083062826595
-0.03166666666666671	0.18773704171934247	1.2689868770432762	0.534258915330116	1.376866109219687	-0.8957602827177591
-0.03166666666666671	0.20651074589127671	1.2619918985739003	0.5020888351015591	1.358203501099816	-0.8447167503997977
-0.03166666666666671	0.22528445006321096	1.2545537553681045	0.4746672346132992	1.3413478701379633	-0.7992141087236504
-0.03166666666666671	0.2440581542351452	1.2470064223602075	0.4510238463404122	1.3260646769201356	-0.7584475273753037
-0.03166666666666671	0.26283185840707946	1.2395358062945783	0.43043209704891255	1.3121435917064392	-0.7217208052562747
-0.03166666666666671	0.2816055625790137	1.2322440204940126	0.41233987768900804	1.2994035173016252	-0.6884495007758349
-0.013333333333333378	-0.2816055625790139	0.7565718105759238	0.2194499006724293	0.7877557765343716	0.3794408365367292
-0.013333333333333378	-0.2628318584070797	0.7441630762343345	0.22144589292511807	0.7764128846972794	0.39718303247604914
-0.013333333333333378	-0.24405815423514543	0.7301713431141559	0.22385917780843662	0.7637166502009758	0.4167368782058004
-0.013333333333333378	-0.22528445006321118	0.7142713377936589	0.22681616036443697	0.7494191848331674	0.43837088540399094
-0.013333333333333378	-0.20651074589127694	0.6960397302367762	0.23049382144012742	0.733211229994575	0.4624012922098425
-0.013333333333333378	-0.1877370417193427	0.6749140668993701	0.23514717019973505	0.71470496664819	0.4891968106484096
-0.013333333333333378	-0.16896333754740844	0.6501291433106415	0.24115672395561913	0.6934150766249861	0.5191755315091646
-0.013333333333333378	-0.1501896333754742	0.6206154787120914	0.24911513178243153	0.6687465299349348	0.5527780786999834
-0.013333333333333378	-0.13141592920353995	0.5848327129751477	0.25999542843406825	0.6400210347890811	0.5903730750275138
-0.013333333333333378	-0.11264222503160569	0.5404910744283793	0.2755028040558928	0.6066567370263051	0.6319676034205965
-0.013333333333333378	-0.09386852085967143	0.48409375936610144	0.2988759336252268	0.5689231859904779	0.6763264084424441
-0.013333333333333378	-0.07509481668773717	0.4103063054062569	0.3368956160213469	0.5308953949230821	0.7181500796494646
-0.013333333333333378	-0.05632111251580291	0.31207197777020546	0.405360393296159	0.5115720552987861	0.7382940322373757
-0.013333333333333378	-0.037547408343868646	0.18931907718725782	0.5431354217839959	0.5751850131770768	0.6691622006164859
-0.013333333333333378	-0.018773704171934386	0.10242489500564145	0.817235896751185	0.8236293887760625	0.32163462994436964
-0.013333333333333378	-1.249000902703301E-16	0.20367591979376565	1.2039191799038411	1.2210263191447488	-0.490905272044174
-0.013333333333333378	0.018773704171934136	0.617108573122688	1.447904604751431	1.5739284403942633	-1.4772507354819178
-0.013333333333333378	0.037547408343868396	1.00768464212688	1.3821716408283191	1.7105048326995238	-1.9258267826884259
-0.013333333333333378	0.05632111251580266	1.235994744697426	1.1866341075568874	1.7134128265356792	-1.9357835141369852
-0.013333333333333378	0.07509481668773692	1.3269929376969585	0.9970746315256935	1.6598397746558857	-1.7550680775297014
-0.013333333333333378	0.09386852085967118	1.352143826707824	0.8537755654437817	1.5991327788063527	-1.5572256442529273
-0.013333333333333378	0.11264222503160544	1.3518988728335124	0.7492420238085771	1.5456371413139935	-1.3889941726092943
-0.013333333333333378	0.1314159292035397	1.3423728755313658	0.6712654169359211	1.5008538226411337	-1.2525621969365033
-0.013333333333333378	0.15018963337547397	1.3297318512651195	0.6112146617081138	1.463478786643635	-1.141770158955926
-0.013333333333333378	0.16896333754740822	1.316400323833666	0.5635810819657252	1.4319683825207308	-1.050533448539038
-0.013333333333333378	0.18773704171934247	1.303343029700262	0.5248384598939455	1.4050474945894558	-0.9741584620521067
-0.013333333333333378	0.20651074589127671	1.2909268157190361	0.4926670573806596	1.381742694198384	-0.9092128729706086
-0.013333333333333378	0.22528445006321096	1.2792652247057448	0.465491201083436	1.3613234639230822	-0.8532015734275393
-0.013333333333333378	0.2440581542351452	1.2683636388972914	0.44220701467422197	1.3432398759357416	-0.8042933643038663
-0.013333333333333378	0.26283185840707946	1.2581828926525833	0.4220190582528255	1.327073576291919	-0.7611242768922237
-0.013333333333333378	0.2816055625790137	1.2486678206647563	0.40433956820762207	1.3125021191533361	-0.7226618127819981
0.004999999999999956	-0.2816055625790139	0.7554357422815277	0.20789921656625993	0.7835210558531961	0.3860947550346928
0.004999999999999956	-0.2628318584070797	0.7427933537648965	0.20844932128459825	0.7714875799008772	0.4048069140586875
0.004999999999999956	-0.24405815423514543	0.7284982638982734	0.20912488789799621	0.7579201404113417	0.425557060758852
0.004999999999999956	-0.22528445006321118	0.712199015045863	0.20996565985022222	0.7425045557763512	0.44868698465136336
0.004999999999999956	-0.20651074589127694	0.6934328418806126	0.21102578515632378	0.7248316964644037	0.47461901180053456
0.004999999999999956	-0.1877370417193427	0.6715754397244726	0.21238098402582836	0.7043573337567359	0.5038807463831021
0.004999999999999956	-0.16896333754740844	0.6457597280997851	0.21414099072368104	0.6803396139749823	0.537138009656372
0.004999999999999956	-0.1501896333754742	0.6147381475300677	0.2164728141513218	0.6517388045032243	0.575236530704708
0.004999999999999956	-0.13141592920353995	0.5766355617289709	0.21964831248132732	0.6170526332707613	0.6192460477736194
0.004999999999999956	-0.11264222503160569	0.52847356840775	0.22415276246208637	0.5740459680417634	0.6704712265749947
0.004999999999999956	-0.09386852085967143	0.4651697228276832	0.23096860612438622	0.5193547612669258	0.7302706319493745
0.004999999999999956	-0.07509481668773717	0.3771741201304356	0.242458362523108	0.4483819515252093	0.7989536255464449
0.004999999999999956	-0.05632111251580291	0.24395750463319998	0.26588197423701815	0.36084413295913814	0.8697915117089678
0.004999999999999956	-0.037547408343868646	0.013018822427999788	0.3341947779449976	0.33444826108550485	0.888144360656882
0.004999999999999956	-0.018773704171934386	-0.043667304015220676	0.0761644078177895	0.08779436461523178	0.9922921495418078
0.004999999999999956	-1.249000902703301E-16	-0.25170809138261885	0.1098463291321225	0.27463280811163726	0.9245768207087166
0.004999999999999956	0.018773704171934136	-0.014798621496108	-0.03716357803512921	0.04000163409859912	0.9983998692694418
0.004999999999999956	0.037547408343868396	1.28618052469794	1.7607451392768387	2.1804778805572145	-3.7544837875992823
0.004999999999999956	0.05632111251580266	1.5184097610398846	1.3017327347309129	2.000019078681806	-3.0000763150912197
0.004999999999999956	0.07509481668773692	1.5169401613794429	1.010428004695289	1.8226552624888759	-2.322072205878393
0.004999999999999956	0.09386852085967118	1.4790498582080995	0.8400690963244988	1.7009716545741906	-1.8933045696648598
0.004999999999999956	0.11264222503160544	1.4414289846372337	0.729327983583554	1.61543703851013	-1.6096368253903792
0.004999999999999956	0.1314159292035397	1.4088598715407796	0.6510351696472243	1.552009320125202	-1.4087329297554922
0.004999999999999956	0.15018963337547397	1.3811820696559682	0.592319940771004	1.5028329320899612	-1.2585068217741098
0.004999999999999956	0.16896333754740822	1.3575204445853801	0.5463734640243492	1.4633474364132582	-1.1413857196572548
0.004999999999999956	0.18773704171934247	1.3370528740979102	0.5092623312766695	1.4307545247843287	-1.0470585101908303
0.004999999999999956	0.20651074589127671	1.3191271254312462	0.47855195739003187	1.4032492112844153	-0.9691083489703336
0.004999999999999956	0.22528445006321096	1.303245803614438	0.4526502978983258	1.3796165832672806	-0.9033419168260854
0.004999999999999956	0.2440581542351452	1.289031312304471	0.43046885249903144	1.359008887783012	-0.8469051570732193
0.004999999999999956	0.26283185840707946	1.27619484488472	0.41123561962239036	1.340816175676795	-0.7977880169565457
0.004999999999999956	0.2816055625790137	1.2645128855290482	0.39438606053047787	1.3245879368353577	-0.7545332024097495
0.02333333333333329	-0.2816055625790139	0.7556071611737184	0.1962583314370433	0.7806788806388053	0.390540485324542
0.02333333333333329	-0.2628318584070797	0.7429877076534296	0.1953346216223551	0.7682358675097426	0.40981365187155316
0.02333333333333329	-0.24405815423514543	0.7287195777830324	0.19423522241718014	0.7541614844791085	0.4312404553282675
0.02333333333333329	-0.22528445006321118	0.712454906558702	0.1929092017125126	0.7381097167663678	0.4551940460150723
0.02333333333333329	-0.20651074589127694	0.6937375093316777	0.19128138911127504	0.7196251118978955	0.4821396983259414
0.02333333333333329	-0.1877370417193427	0.6719550799264403	0.1892371097946407	0.6980933412964041	0.5126656868376223
0.02333333333333329	-0.16896333754740844	0.6462625922131819	0.1865949260827894	0.6726611364825109	0.5475269954660569
0.02333333333333329	-0.1501896333754742	0.615453815189537	0.18305552299830508	0.6421002438338891	0.5877072768684601
0.02333333333333329	-0.13141592920353995	0.5777334420009292	0.17809985436081474	0.6045622285005775	0.6345045118704156
0.02333333333333329	-0.11264222503160569	0.5302838544679702	0.17076991210984505	0.5571026199825411	0.6896366708085884
0.02333333333333329	-0.09386852085967143	0.4683648372768118	0.1591465321502406	0.4946647748655466	0.7553067605072181
0.02333333333333329	-0.07509481668773717	0.38321188204	0.13891600334296506	0.40761379088718475	0.8338509974785784
0.02333333333333329	-0.05632111251580291	0.2563102933908388	0.09843262583671446	0.2745613744269366	0.9246160516727915
0.02333333333333329	-0.037547408343868646	0.03929385118515927	-0.008969846620574345	0.0403046509643499	0.9983755351106419
0.02333333333333329	-0.018773704171934386	-0.07296943934945177	0.04850837727945145	0.08762192502598264	0.9923223982547411
0.02333333333333329	-1.249000902703301E-16	-0.10147457224000389	0.036211596509239885	0.10774213907770609	0.9883916314669602
0.02333333333333329	0.018773704171934136	-0.02622744710887659	0.00484954320778741	0.026672027503980945	0.9992886029488269
0.02333333333333329	0.037547408343868396	-0.010597826488223827	0.003146654829277673	0.011055105738486407	0.9998777846371109
0.02333333333333329	0.05632111251580266	1.9528560215310011	1.1869445717124723	2.285275488239349	-4.222484057147595
0.02333333333333329	0.07509481668773692	1.7227440707927908	0.9186593936690299	1.9523786044279594	-2.8117822150280665
0.02333333333333329	0.09386852085967118	1.6029306068643392	0.7744005856780136	1.7801917867243768	-2.1690827975209293
0.02333333333333329	0.11264222503160544	1.5256771367515214	0.6803795045135765	1.6705109983979334	-1.79060699576846
0.02333333333333329	0.1314159292035397	1.4706242560325953	0.6129711522670072	1.5932574606581846	-1.5384693359429669
0.02333333333333329	0.15018963337547397	1.4288214678138247	0.561656108381237	1.5352486349017245	-1.3569883709676085
0.02333333333333329	0.16896333754740822	1.3956231815481321	0.5209568348134784	1.4896845601043895	-1.2191600886134086
0.02333333333333329	0.18773704171934247	1.368363023988245	0.48770576903927615	1.4526783135203905	-1.1102742825724459
0.02333333333333329	0.20651074589127671	1.3453962261791064	0.459925727493761	1.421837782669896	-1.0216226802276465
0.02333333333333329	0.22528445006321096	1.325650410943235	0.43630895307401657	1.3956054293984788	-0.9477145145665122
0.02333333333333329	0.2440581542351452	1.308394821801892	0.41595035841571126	1.3729208682164327	-0.8849117103841633
0.02333333333333329	0.26283185840707946	1.2931131859403866	0.39820030806154255	1.3530355490500625	-0.8307051969932042
0.02333333333333329	0.2816055625790137	1.2794296127875304	0.38257835674322627	1.3354049322681107	-0.7833063331259975
0.04166666666666662	-0.2816055625790139	0.757084198625531	0.18474954743531596	0.7793002496381074	0.3926911209139835
0.04166666666666662	-0.2628318584070797	0.7447425452422818	0.18238516963210674	0.7667501606101459	0.41209419120431545
0.04166666666666662	-0.24405815423514543	0.7308284579388401	0.1795580602599414	0.752563174715303	0.4336486680624243
0.04166666666666662	-0.22528445006321118	0.7150262619054839	0.1761346928361753	0.7364006961125332	0.45771401476497653
0.04166666666666662	-0.20651074589127694	0.6969302060471794	0.17192433938442572	0.7178228824534191	0.48473030942626494
0.04166666666666662	-0.1877370417193427	0.6760097388453032	0.1666462712769542	0.696247187961436	0.5152398532557927
0.04166666666666662	-0.16896333754740844	0.6515577702011628	0.15987295978027777	0.6708851549843815	0.5499131088215824
0.04166666666666662	-0.1501896333754742	0.6226122405588559	0.1509270927039845	0.6406441987607441	0.5895750105942043
0.04166666666666662	-0.13141592920353995	0.5878363186916027	0.13868435444924418	0.6039742442703158	0.6352151122581009
0.04166666666666662	-0.11264222503160569	0.5453394477736994	0.1211701111245622	0.5586388002350554	0.6879226908719378
0.04166666666666662	-0.09386852085967143	0.49244341953746834	0.09466761684661129	0.5014603465132331	0.7485375208748282
0.04166666666666662	-0.07509481668773717	0.425584174857204	0.051564810661192784	0.4286966521765849	0.8162191804125882
0.04166666666666662	-0.05632111251580291	0.34163938919207193	-0.025293446560406607	0.3425744162754074	0.8826427693135639
0.04166666666666662	-0.037547408343868646	-0.06687566501184894	0.028778221107551516	0.07280481152294922	0.9946994594191079
0.04166666666666662	-0.018773704171934386	-0.07523130036333203	0.03220552665615961	0.08183486116294504	0.9933030554984416
0.04166666666666662	-1.249000902703301E-16	-0.08399199972679838	0.027552298619938492	0.08839561741030358	0.9921862148226512
0.04166666666666662	0.018773704171934136	-0.014321086102503156	0.01474462552621536	0.020554743711942276	0.9995775025109364
0.04166666666666662	0.037547408343868396	-0.010833826237727107	0.00740159381357805	0.013120799591886965	0.9998278446180695
0.04166666666666662	0.05632111251580266	2.1010240573058363	0.7791358265490926	2.240837951657865	-4.021354725590216
0.04166666666666662	0.07509481668773692	1.8491252228359474	0.7346514347953939	1.9897177740511398	-2.958976820375023
0.04166666666666662	0.09386852085967118	1.6907049763983637	0.6658129666621773	1.8170828885314179	-2.3017902237936814
0.04166666666666662	0.11264222503160544	1.5901657790271209	0.6077056242395198	1.7023317333943095	-1.8979333305212744
0.04166666666666662	0.1314159292035397	1.5203362151241078	0.5602434159436934	1.6202761777321035	-1.625294892126155
0.04166666666666662	0.15018963337547397	1.4685344606776478	0.5211939647169792	1.5582800168952926	-1.4282366110551936
0.04166666666666662	0.16896333754740822	1.4282105698646341	0.48860905952242095	1.5094781366155814	-1.278524244920448
0.04166666666666662	0.18773704171934247	1.3956627730958227	0.46103001624901846	1.4698378319012244	-1.160423252088092
0.04166666666666662	0.20651074589127671	1.3686443073740604	0.4373889952469683	1.4368355414836362	-1.0644963732705741
0.04166666666666662	0.22528445006321096	1.3457122919871873	0.41689870748043123	1.4088101735522296	-0.9847461051042632
0.04166666666666662	0.2440581542351452	1.3258970004558732	0.3989697328355659	1.384622585232801	-0.917179703536765
0.04166666666666662	0.26283185840707946	1.3085219259909637	0.383153128831712	1.3634646863533473	-0.8590359509326317
0.04166666666666662	0.2816055625790137	1.2931001767139174	0.3691011255263811	1.3447467077046167	-0.8083437078824058
0.059999999999999956	-0.2816055625790139	0.759815357569668	0.17358665720969624	0.7793918816359066	0.39254829484004106
0.059999999999999956	-0.2628318584070797	0.7479867977720743	0.1698713527498443	0.7670335886559233	0.4116594738736159
0.059999999999999956	-0.24405815423514543	0.7347241936102599	0.16544094530703496	0.7531204067480392	0.4328096529396681
0.059999999999999956	-0.22528445006321118	0.7197661702003466	0.16009727952923336	0.7373564122441303	0.45630552132246416
0.059999999999999956	-0.20651074589127694	0.702789616702137	0.15356379226514227	0.7193713113818123	0.4825049163608116
0.059999999999999956	-0.1877370417193427	0.6833936170957879	0.14544474285048767	0.6986995127450061	0.5118189908898911
0.059999999999999956	-0.16896333754740844	0.6610815373453593	0.13515807102597377	0.6747566251489243	0.5447034968176341
0.059999999999999956	-0.1501896333754742	0.6352466349974797	0.12182139883951601	0.6468220315441007	0.5816212595091624
0.059999999999999956	-0.13141592920353995	0.6051794349176611	0.1040524802378058	0.6140594980056074	0.6229309329091014
0.059999999999999956	-0.11264222503160569	0.5701542393391058	0.07961074021986285	0.5756854406659151	0.6685862734052912
0.059999999999999956	-0.09386852085967143	0.5297728543365572	0.044748601444452446	0.5316593970984972	0.7173382854768624
0.059999999999999956	-0.07509481668773717	0.48511841654536414	-0.00689816667207932	0.4851674584871879	0.7646125372250828
0.059999999999999956	-0.05632111251580291	0.4420117179668288	-0.08617202420162101	0.4503331839593793	0.7972000234250078
0.059999999999999956	-0.037547408343868646	-0.07044329520760129	0.023805476560966515	0.0743569670844635	0.994471041446
0.059999999999999956	-0.018773704171934386	-0.07510146693295283	0.025319019778607704	0.07925454622941788	0.9937187169019691
0.059999999999999956	-1.249000902703301E-16	-0.07910110085035171	0.023853328933583468	0.08261940121394758	0.9931740345430488
0.059999999999999956	0.018773704171934136	-0.005639238363757237	0.016167827196479884	0.017123073485169244	0.9997068003544215
0.059999999999999956	0.037547408343868396	-0.004428236469700364	0.00917685347182895	0.010189402233448407	0.999896176082125
0.059999999999999956	0.05632111251580266	-0.0038577448039204265	0.0018737435987938866	0.004288718928327679	0.9999816068899539
0.059999999999999956	0.07509481668773692	1.8717908378545165	0.5472735339663652	1.9501562146802873	-2.803109261656147
0.059999999999999956	0.09386852085967118	1.7281420128259537	0.5453490945272315	1.8121480213812033	-2.2838804513958104
0.059999999999999956	0.11264222503160544	1.6273258547160743	0.5247571585936843	1.7098419555393765	-1.923559512922719
0.059999999999999956	0.1314159292035397	1.553698236403456	0.4995678652262127	1.6320374572202332	-1.6635462617698846
0.059999999999999956	0.15018963337547397	1.4977034273524534	0.4746468747469225	1.57111591297724	-1.4684052120103064
0.059999999999999956	0.16896333754740822	1.4535918999662358	0.45154783469668974	1.5221119731040553	-1.3168248586667204
0.059999999999999956	0.18773704171934247	1.4178070815394188	0.43064156356958727	1.4817655269093635	-1.1956290767369837
0.059999999999999956	0.20651074589127671	1.3880653595737253	0.41187767346268833	1.4478842012901352	-1.0963686603455725
0.059999999999999956	0.22528445006321096	1.3628456729500806	0.39506725506276574	1.4189525940994598	-1.0134264643015864
0.059999999999999956	0.2440581542351452	1.3411005551921171	0.37999007637035065	1.3938949591976253	-0.9429431572765494
0.059999999999999956	0.26283185840707946	1.322087070538619	0.36643446001231755	1.3719287283127741	-0.8821884355699057
0.059999999999999956	0.2816055625790137	1.3052644077448992	0.3542105325942011	1.352471913026777	-0.82918027552631
0.07833333333333328	-0.2816055625790139	0.7637053128848478	0.16296168035042705	0.7808984019647998	0.39019768580882197
0.07833333333333328	-0.2628318584070797	0.7525911274533841	0.15803148971830389	0.7690041331905455	0.4086326431358578
0.07833333333333328	-0.24405815423514543	0.7402272395259182	0.15218294504865335	0.7557089485376248	0.4289039851001575
0.07833333333333328	-0.22528445006321118	0.7264190057401092	0.14517665737020297	0.7407839318894776	0.4512391662543659
0.07833333333333328	-0.20651074589127694	0.7109413957286657	0.1366874930268811	0.7239621115159252	0.47587886108940314
0.07833333333333328	-0.1877370417193427	0.6935408648789669	0.1262657576598438	0.7049411130119166	0.5030580271855202
0.07833333333333328	-0.16896333754740844	0.673947251936503	0.11327797027375973	0.6834009049906994	0.532963203057893
0.07833333333333328	-0.1501896333754742	0.6519093425458266	0.09681628467682878	0.6590593174192718	0.5656408161228434
0.07833333333333328	-0.13141592920353995	0.6272849322772458	0.07556240933187758	0.631819645125179	0.6008039360338929
0.07833333333333328	-0.11264222503160569	0.600255166173875	0.047596855108909764	0.6021392904757875	0.6374282748653152
0.07833333333333328	-0.09386852085967143	0.571817266020676	0.010188410264500986	0.5719080253179512	0.6729212105769218
0.07833333333333328	-0.07509481668773717	0.5448573995271939	-0.04019668208573704	0.5463381362034304	0.7015146409297619
0.07833333333333328	-0.05632111251580291	0.5278625283870826	-0.11023477883433425	0.5392499933610182	0.7092094446601418
0.07833333333333328	-0.037547408343868646	-0.07268287154460507	0.02047319190376365	0.0755112667268792	0.9942980485973021
0.07833333333333328	-0.018773704171934386	-0.07542526597802501	0.021822063008265613	0.07851861678476342	0.9938348268182075
0.07833333333333328	-1.249000902703301E-16	-0.07763891039337145	0.021774762683737514	0.08063461227663372	0.993498059302997
0.07833333333333328	0.018773704171934136	7.493003351527472E-4	0.016204924170311052	0.01622223838925416	0.9997368389816422
0.07833333333333328	0.037547408343868396	0.0013040700033940533	0.01070942513657075	0.010788530267351786	0.9998836076146704
0.07833333333333328	0.05632111251580266	0.003197217776013228	0.005933621264893635	0.006740182699486188	0.9999545699371776
0.07833333333333328	0.07509481668773692	1.832679638441551	0.40656594086270803	1.8772348072172094	-2.524010521427833
0.07833333333333328	0.09386852085967118	1.7259855503242998	0.43940301789710634	1.7810393404036198	-2.172101132065361
0.07833333333333328	0.11264222503160544	1.6395170745456822	0.4449732491471626	1.6988282521147966	-1.886017430183415
0.07833333333333328	0.1314159292035397	1.5708108407746175	0.43820590221652517	1.630788493408161	-1.659471110232459
0.07833333333333328	0.15018963337547397	1.5158626669591824	0.4262073021238072	1.5746403682950145	-1.4794922894642588
0.07833333333333328	0.16896333754740822	1.47122030806133	0.412340260422538	1.5279115436495012	-1.3345136852174018
0.07833333333333328	0.18773704171934247	1.4343015733419917	0.3981923388753782	1.4885490055857606	-1.215778142030357
0.07833333333333328	0.20651074589127671	1.403244691828953	0.38450006149147176	1.4549694025762463	-1.1169359624330792
0.07833333333333328	0.22528445006321096	1.376711252770228	0.37158483896664285	1.4259765657450465	-1.033409166054037
0.07833333333333328	0.2440581542351452	1.3537295771236642	0.3595630220616419	1.4006674604678713	-0.9618693348135157
0.07833333333333328	0.26283185840707946	1.3335838403884213	0.3484497314963396	1.3783552062966213	-0.8998630747250016
0.07833333333333328	0.2816055625790137	1.3157381739196727	0.3382113403620099	1.3585116315508463	-0.8455538530589424
0.09666666666666662	-0.2816055625790139	0.7686245211651033	0.1530349340330266	0.7837112641596885	0.38579665442922295
0.09666666666666662	-0.2628318584070797	0.7583828005532467	0.14705829172080606	0.7725092966034954	0.4032293866611727
0.09666666666666662	-0.24405815423514543	0.7471028605811256	0.1400160226210219	0.7601099728849183	0.4222328291208888
0.09666666666666662	-0.22528445006321118	0.7346591661904915	0.13165132812577035	0.7463619515121249	0.4429438373350125
0.09666666666666662	-0.20651074589127694	0.7209238250392624	0.1216264151843005	0.7311115827148582	0.4654758536201751
0.09666666666666662	-0.1877370417193427	0.7057812177515945	0.10949242683776708	0.7142238576705118	0.48988428113425253
0.09666666666666662	-0.16896333754740844	0.6891580287996756	0.09464851421089296	0.6956271486230134	0.5161028700986159
0.09666666666666662	-0.1501896333754742	0.6710824091696881	0.07628898238730243	0.6754047739916286	0.5438283912693171
0.09666666666666662	-0.13141592920353995	0.6517969397827779	0.05334393086265865	0.6539761659801329	0.5723151743299257
0.09666666666666662	-0.11264222503160569	0.6319659379013323	0.024440738805952822	0.6324383735834593	0.6000217036191087
0.09666666666666662	-0.09386852085967143	0.6130317958301361	-0.012021128752113336	0.6131496475047479	0.6240475097648035
0.09666666666666662	-0.07509481668773717	0.5978192338938368	-0.057460397591412055	0.6005743365352678	0.6393104662952229
0.09666666666666662	-0.05632111251580291	-0.07238652940200563	0.017808236930824867	0.07454490553654099	0.9944430570585482
0.09666666666666662	-0.037547408343868646	-0.07454541728377673	0.01839750285069164	0.07678207700468648	0.9941045126508464
0.09666666666666662	-0.018773704171934386	-0.07624347863519021	0.0198021018059531	0.07877303644222455	0.993794808729672
0.09666666666666662	-1.249000902703301E-16	-0.07760062103533372	0.020501213290833598	0.08026304337281094	0.9935578438685343
0.09666666666666662	0.018773704171934136	0.005724546965444999	0.01603595543476377	0.017027104999538686	0.9997100776953347
0.09666666666666662	0.037547408343868396	0.005920306759296889	0.011517945332080393	0.012950409136277083	0.999832286903203
0.09666666666666662	0.05632111251580266	0.006719355546639827	0.007171146625120167	0.009827262227148097	0.9999034249171189
0.09666666666666662	0.07509481668773692	1.7785556824072386	0.31812360492382996	1.8067824837076574	-2.264462943432811
0.09666666666666662	0.09386852085967118	1.7035113390774346	0.35715571482549324	1.7405490762968745	-2.029511086997903
0.09666666666666662	0.11264222503160544	1.6346331251239339	0.3758360828060361	1.677282985930348	-1.8132782148914237
0.09666666666666662	0.1314159292035397	1.5749283114335637	0.38130228327901255	1.6204291460563045	-1.6257906173887644
0.09666666666666662	0.15018963337547397	1.524336805527903	0.37929833623316733	1.570818234092112	-1.4674699245562612
0.09666666666666662	0.16896333754740822	1.4815951500020272	0.3732796788019588	1.5278945994786497	-1.3344619071160233
0.09666666666666662	0.18773704171934247	1.4452859443175015	0.3652493516576159	1.490724169565933	-1.2222585497280405
0.09666666666666662	0.20651074589127671	1.414166025725823	0.35635204678384247	1.4583731791157581	-1.126852329564203
0.09666666666666662	0.22528445006321096	1.3872285748136233	0.34723592104304557	1.4300265394887077	-1.0449759036420487
0.09666666666666662	0.2440581542351452	1.3636814772991392	0.3382625962335467	1.4050084539031864	-0.9740487555394224
0.09666666666666662	0.26283185840707946	1.3429066859188064	0.3296275894006272	1.3827699428247275	-0.9120527147795003
0.09666666666666662	0.2816055625790137	1.3244213640738232	0.32142961164144723	1.3628679117416838	-0.8574089448551379
0.11499999999999996	-0.2816055625790139	0.7744208164950092	0.14392941298093498	0.7876822182465675	0.3795567230581668
0.11499999999999996	-0.2628318584070797	0.7651630691672271	0.13709225584592002	0.7773472898456223	0.39573119096966614
0.11499999999999996	-0.24405815423514543	0.7550877233304879	0.12909785301915916	0.7660442060211512	0.413176274421424
0.11499999999999996	-0.22528445006321118	0.7441326263182707	0.11969228294061583	0.753697292118569	0.4319403918531366
0.11499999999999996	-0.20651074589127694	0.7322541445638044	0.10855335951561987	0.7402566879758645	0.45202003590700357
0.11499999999999996	-0.1877370417193427	0.7194479577382034	0.09527182205850014	0.725728657262491	0.4733179160279818
0.11499999999999996	-0.16896333754740844	0.7057848520653471	0.07933037357551465	0.7102292345268073	0.4955744344234654
0.11499999999999996	-0.1501896333754742	0.6914708820976068	0.06008537932797722	0.6940765329542768	0.5182577664021706
0.11499999999999996	-0.13141592920353995	0.6769447149416543	0.03676393811435141	0.6779422794258472	0.5403942657668865
0.11499999999999996	-0.11264222503160569	0.6630226586102079	0.008504539602017025	0.663077199897863	0.5603286269756095
0.11499999999999996	-0.09386852085967143	0.6510682633414036	-0.02550276101307647	0.6515675516396449	0.5754597256503187
0.11499999999999996	-0.07509481668773717	0.6429393628016253	-0.0657293275124548	0.6462904677735852	0.5823086312650003
0.11499999999999996	-0.05632111251580291	-0.07567263074850183	0.015540515570585917	0.07725189103574572	0.9940321453314013
0.11499999999999996	-0.037547408343868646	-0.07624195261140398	0.01700919459866615	0.07811624695858643	0.9938978519611051
0.11499999999999996	-0.018773704171934386	-0.0774006213929248	0.01851648447397855	0.07958464920627582	0.9936662836107141
0.11499999999999996	-1.249000902703301E-16	-0.07831325780864518	0.019666089275386295	0.08074479188152502	0.9934802785840092
0.11499999999999996	0.018773704171934136	0.00986736138468236	0.01584841034821932	0.018669143827756696	0.9996514630687385
0.11499999999999996	0.037547408343868396	0.009951137342109506	0.01191323461873156	0.01552257367457054	0.9997590497065175
0.11499999999999996	0.05632111251580266	0.010253421986258004	0.007941360602122166	0.01296911217629091	0.9998318021293587
0.11499999999999996	0.07509481668773692	1.7260202192500913	0.25854448133004476	1.745276782085396	-2.045991046086355
0.11499999999999996	0.09386852085967118	1.6746121019979212	0.29541835469755945	1.7004698457926588	-1.8915976964501087
0.11499999999999996	0.11264222503160544	1.6204741478954687	0.3188077811167735	1.6515371219861048	-1.7275748652981462
0.11499999999999996	0.1314159292035397	1.5702075518051006	0.33116769606365176	1.6047503851571046	-1.5752237986618756
0.11499999999999996	0.15018963337547397	1.5253173762902459	0.33600019741680703	1.5618864334762284	-1.4394892310770926
0.11499999999999996	0.16896333754740822	1.4858684753112472	0.33601028578769	1.523387028328289	-1.3207080380788954
0.11499999999999996	0.18773704171934247	1.451360004897011	0.33305982219640157	1.489085191980684	-1.2173747089761506
0.11499999999999996	0.20651074589127671	1.4211324599482191	0.32837040421207486	1.4585762205249604	-1.1274445910808777
0.11499999999999996	0.22528445006321096	1.3945396529929877	0.32272627271185994	1.4313955046975284	-1.048893090868292
0.11499999999999996	0.2440581542351452	1.3710103977550698	0.3166252109254661	1.4070966686571718	-0.9799210349461105
0.11499999999999996	0.26283185840707946	1.3500620734376285	0.31038030455413484	1.3852810312676003	-0.9190035355898261
0.11499999999999996	0.2816055625790137	1.331295156985035	0.30418602956999724	1.3656046044142385	-0.8648759355973688
0.1333333333333333	-0.2816055625790139	0.7809310937484971	0.13572950101580794	0.7926385498001117	0.3717241293707758
0.1333333333333333	-0.2628318584070797	0.7727239409854482	0.12822168781321475	0.7832899145257469	0.3864569098022481
0.1333333333333333	-0.24405815423514543	0.7639142045034393	0.11951491915640144	0.7732067820079462	0.40215127225691627
0.1333333333333333	-0.22528445006321118	0.7544923946176744	0.10937277763087003	0.762378631667103	0.4187788219773958
0.1333333333333333	-0.20651074589127694	0.7444802124822929	0.09750677077006714	0.7508384360990628	0.4362416428763136
0.1333333333333333	-0.1877370417193427	0.7339519397411051	0.083567864749254	0.7386941436538402	0.4543309621315197
0.1333333333333333	-0.16896333754740844	0.7230671628187402	0.06714154709981691	0.7261777394644505	0.4726658907063006
0.1333333333333333	-0.1501896333754742	0.7121191989087714	0.04775312972817303	0.7137185123375364	0.490605885146694
0.1333333333333333	-0.13141592920353995	0.7016033278783644	0.024896080866735004	0.7020449020771526	0.5071329554674812
0.1333333333333333	-0.11264222503160569	0.6923066778156064	-0.0018980796228331431	0.6923092797690469	0.5207078611456636
0.1333333333333333	-0.09386852085967143	0.6854095657091075	-0.032953291249479155	0.6862012767182237	0.5291278078302797
0.1333333333333333	-0.07509481668773717	0.682285528666629	-0.06831218885682977	0.685696797261233	0.5298199022256875
0.1333333333333333	-0.05632111251580291	-0.07687349789561981	0.013899391062081629	0.07811995744113369	0.9938972722493955
0.1333333333333333	-0.037547408343868646	-0.07788723816760368	0.015932909825328218	0.07950018543927466	0.993679720515121
0.1333333333333333	-0.018773704171934386	-0.07881183314660656	0.017604701258297883	0.08075413642855991	0.9934787694496775
0.1333333333333333	-1.249000902703301E-16	-0.07948843729511368	0.01907252885295757	0.0817445595771738	0.9933178269795339
0.1333333333333333	0.018773704171934136	0.01347399794542048	0.015693082478084402	0.020683845345997803	0.9995721785417029
0.1333333333333333	0.037547408343868396	0.013558949467365355	0.012241839257694204	0.018267669229263764	0.9996662922609302
0.1333333333333333	0.05632111251580266	0.014293430451538303	0.008839801992395396	0.016806077868965145	0.9997175557466623
0.1333333333333333	0.07509481668773692	1.6846972539170222	0.2109181604422214	1.6978490238416037	-1.8826913077598868
0.1333333333333333	0.09386852085967118	1.6454898194821395	0.247837732171868	1.6640493645043883	-1.7690602875074588
0.1333333333333333	0.11264222503160544	1.6021664585803075	0.27227729561735514	1.6251376208519894	-1.6410722867084644
0.1333333333333333	0.1314159292035397	1.5601572909253218	0.28806565746947066	1.586528472937299	-1.5170725954407582
0.1333333333333333	0.15018963337547397	1.5210323333749414	0.29716592633028927	1.549789323406171	-1.4018469469437576
0.1333333333333333	0.16896333754740822	1.485411344790915	0.3014654671786079	1.5156939965358347	-1.2973282911347708
0.1333333333333333	0.18773704171934247	1.453356241069247	0.30246224095372237	1.4844957967800647	-1.2037277706576792
0.1333333333333333	0.20651074589127671	1.424645413312959	0.3012560228042281	1.4561489432573418	-1.1203697449494734
0.1333333333333333	0.22528445006321096	1.3989433872164756	0.2986245956940209	1.4304612017772882	-1.0462192497901235
0.1333333333333333	0.2440581542351452	1.3758910756484637	0.2951071770319784	1.407183178546727	-0.9801644979848698
0.1333333333333333	0.26283185840707946	1.355148297118434	0.29107327667888594	1.386055756302601	-0.9211505595795753
0.1333333333333333	0.2816055625790137	1.3364106386771681	0.28677402301341914	1.3668331044589233	-0.8682327354448178
0.15166666666666664	-0.2816055625790139	0.7879915592799669	0.12848326725866965	0.7983975497594769	0.36256135253806365
0.15166666666666664	-0.2628318584070797	0.7808620537384815	0.12048780663240913	0.7901030682865167	0.375737141484232
0.15166666666666664	-0.24405815423514543	0.773329030331273	0.11129272174741046	0.7812962684328227	0.38957614093294657
0.15166666666666664	-0.22528445006321118	0.7654230405301166	0.10068773912010119	0.7720171317940334	0.403989548216514
0.15166666666666664	-0.20651074589127694	0.7572112846628907	0.08842657418477064	0.7623569955361333	0.41881181135712
0.15166666666666664	-0.1877370417193427	0.7488161417073274	0.07422610009352772	0.7524859653286183	0.43376487198345737
0.15166666666666664	-0.16896333754740844	0.7404405105792666	0.05777145903709757	0.742690844959166	0.44841030881384003
0.15166666666666664	-0.1501896333754742	0.7324002507149847	0.03873311043058489	0.7334237391106183	0.4620896189089997
0.15166666666666664	-0.13141592920353995	0.7251611732005616	0.016806555901659526	0.7253559039801706	0.4738588125611095
0.15166666666666664	-0.11264222503160569	0.7193755606308361	-0.008203184341103537	0.7194223303917274	0.48243151053373623
0.15166666666666664	-0.09386852085967143	0.7159586137644587	-0.03619157412531557	0.7168727688099148	0.4860934333388065
0.15166666666666664	-0.07509481668773717	0.7171644442359153	-0.06622424970608215	0.7202155866998039	0.48128950867465725
0.15166666666666664	-0.05632111251580291	-0.0784328004908863	0.0125535332462611	0.07943107320065716	0.9936907046101918
0.15166666666666664	-0.037547408343868646	-0.07974899267388968	0.015012804488044623	0.08114977591525661	0.9934147138689037
0.15166666666666664	-0.018773704171934386	-0.08044667992343268	0.016910268966704278	0.08220477788565278	0.9932423744927705
0.15166666666666664	-1.249000902703301E-16	-0.08097758657982479	0.01860609111748915	0.08308764140932952	0.9930964438450347
0.15166666666666664	0.018773704171934136	0.016683662715289094	0.015527712412736955	0.022791543483717657	0.9994805455456298
0.15166666666666664	0.037547408343868396	0.01661657409458006	0.012496273135854302	0.02079104078507238	0.9995677326230734
0.15166666666666664	0.05632111251580266	0.01706824393862738	0.010029341854556034	0.019796783809094845	0.999608087350816
0.15166666666666664	0.07509481668773692	0.025095120221990896	0.014336469404103297	0.028901546912422634	0.999164700586069
0.15166666666666664	0.09386852085967118	1.6176241942892369	0.20976000172971754	1.6311674629772241	-1.660707292275554
0.15166666666666664	0.11264222503160544	1.5823681976977864	0.2341150894388738	1.5995933821406967	-1.558698988188313
0.15166666666666664	0.1314159292035397	1.5472147757344272	0.25131172133437957	1.5674919915364744	-1.4570311435309828
0.15166666666666664	0.15018963337547397	1.5133216314915565	0.2628427152442736	1.5359780770887483	-1.359228653297249
0.15166666666666664	0.16896333754740822	1.481512556572148	0.2700068988461254	1.5059160603119432	-1.2677831807054445
0.15166666666666664	0.18773704171934247	1.4521476025846805	0.2739155419679217	1.4777558606968932	-1.1837623838240159
0.15166666666666664	0.20651074589127671	1.425286566394344	0.27546417792710953	1.4516619130035882	-1.107322309665237
0.15166666666666664	0.22528445006321096	1.4008238066396892	0.2753419540853233	1.4276275876180151	-1.0381205289280335
0.15166666666666664	0.2440581542351452	1.3785751529546193	0.2740636812042192	1.4055533976690675	-0.9755803536990597
0.15166666666666664	0.26283185840707946	1.3583286874351548	0.27200687218115244	1.385295839026121	-0.9190445616230845
0.15166666666666664	0.2816055625790137	1.3398722239537793	0.2694450809389229	1.366696099418239	-0.8678582281650293
0.16999999999999998	-0.2816055625790139	0.7954456475045737	0.12220718475080104	0.8047784627701507	0.35233162586131306
0.16999999999999998	-0.2628318584070797	0.7893885401883799	0.11389285697994878	0.7975624428543489	0.36389414974820355
0.16999999999999998	-0.24405815423514543	0.7831050792931058	0.10440940340110157	0.7900347389407857	0.37584511126676456
0.16999999999999998	-0.22528445006321118	0.7766536646095202	0.09357623601306767	0.7822706863341937	0.38805257330222953
0.16999999999999998	-0.20651074589127694	0.7701295482787904	0.08119056090849137	0.774397461458087	0.40030857168727074
0.16999999999999998	-0.1877370417193427	0.7636791336290616	0.06703116989576728	0.7666152860972897	0.4123010031219707
0.16999999999999998	-0.16896333754740844	0.757517363080777	0.05086815635707348	0.7592233694374939	0.42357987529997865
0.16999999999999998	-0.1501896333754742	0.7519462327656723	0.03248216764301487	0.7526474793588799	0.4335217718147245
0.16999999999999998	-0.13141592920353995	0.7473676123580981	0.011697611568605965	0.7474591508024063	0.4413048178817456
0.16999999999999998	-0.11264222503160569	0.7442655014813294	-0.01156398637875275	0.7443553334773808	0.4459351375237772
0.16999999999999998	-0.09386852085967143	0.7430353415845093	-0.03716145235216317	0.7439640397119545	0.4465175076154695
0.16999999999999998	-0.07509481668773717	0.7430320694012401	-0.06406441325856799	0.7457887805571051	0.44379909479514623
0.16999999999999998	-0.05632111251580291	-0.08198667354024591	0.012307722373022856	0.08290533558346089	0.9931267053317937
0.16999999999999998	-0.037547408343868646	-0.08179894249250141	0.01448582285718819	0.08307169227084152	0.9930990939432586
0.16999999999999998	-0.018773704171934386	-0.08222209765404842	0.016391721428272887	0.08384009705393938	0.9929708381259861
0.16999999999999998	-1.249000902703301E-16	-0.08266051036296784	0.018199677819286192	0.08464034644418779	0.9928360117538079
0.16999999999999998	0.018773704171934136	0.019657148622814757	0.015273907878344734	0.024893689036693405	0.9993803042461444
0.16999999999999998	0.037547408343868396	0.01934493106271462	0.012342029687863437	0.02294672208916305	0.9994734479453627
0.16999999999999998	0.05632111251580266	0.018588739705946877	0.009719596890327198	0.02097645841332383	0.9995599881924341
0.16999999999999998	0.07509481668773692	0.014218384127367312	0.007853873445163168	0.016243330178445856	0.999736154224714
0.16999999999999998	0.09386852085967118	1.5905294089189428	0.18018640944608638	1.6007032650635513	-1.5622509427851137
0.16999999999999998	0.11264222503160544	1.5626078047525278	0.20271520267519957	1.5757019403647257	-1.4828366048691612
0.16999999999999998	0.1314159292035397	1.532980430867355	0.21993863061667557	1.5486775011795708	-1.3984020026597994
0.16999999999999998	0.15018963337547397	1.5035495871649818	0.23265425807699375	1.5214431848956251	-1.3147893648653435
0.16999999999999998	0.16896333754740822	1.475237627362609	0.24161824295700207	1.4948931174221416	-1.2347054325160887
0.16999999999999998	0.18773704171934247	1.4485267471850665	0.24758684205636552	1.4695335932431055	-1.1595289816699932
0.16999999999999998	0.20651074589127671	1.4236293623591467	0.25123857900796115	1.4456283702781465	-1.0898413849530497
0.16999999999999998	0.22528445006321096	1.400589044511713	0.25314056809981883	1.4232813561710602	-1.0257298188241322
0.16999999999999998	0.2440581542351452	1.3793501699258286	0.25374666039990335	1.4024957251052554	-0.9669942589385163
0.16999999999999998	0.26283185840707946	1.3598043206329744	0.2534102482308939	1.383215292107685	-0.9132845443205484
0.16999999999999998	0.2816055625790137	1.3418195197966427	0.25240165308227563	1.3653520491748485	-0.8641862181859581
0.18833333333333332	-0.2816055625790139	0.8031493285029254	0.11689205585674481	0.811611111676717	0.34128740340288366
0.18833333333333332	-0.2628318584070797	0.7981348248130425	0.10840927499968878	0.8054636984279951	0.35122823051469565
0.18833333333333332	-0.24405815423514543	0.7930469297599865	0.09880969162031107	0.7991788210155734	0.3613132120401582
0.18833333333333332	-0.22528445006321118	0.7879614750883173	0.08794225559080657	0.792853786357709	0.3713828734582444
0.18833333333333332	-0.20651074589127694	0.7829881219181521	0.07564443745290776	0.7866336377135686	0.381207520017518
0.18833333333333332	-0.1877370417193427	0.7782804721884357	0.0617482485339379	0.7807261617154015	0.3904666604131367
0.18833333333333332	-0.16896333754740844	0.7740470022536768	0.046091082194182176	0.7754180482525116	0.3987268504442656
0.18833333333333332	-0.1501896333754742	0.7705608790665712	0.028532823801942137	0.7710889639866205	0.4054218096180402
0.18833333333333332	-0.13141592920353995	0.7681652969237834	0.008978239912417668	0.7682177635214701	0.4098414678100707
0.18833333333333332	-0.11264222503160569	0.7672720741707801	-0.012613689773092213	0.7673757495334492	0.41113445902797696
0.18833333333333332	-0.09386852085967143	0.7683545995980827	-0.03639974327454043	0.7692163103015838	0.40830626796601754
0.18833333333333332	-0.07509481668773717	0.7709703000217638	-0.06437336328712007	0.7736531092269611	0.4014608665834558
0.18833333333333332	-0.05632111251580291	-0.08306090356278606	0.012956311593500774	0.08406533001644809	0.9929330202892257
0.18833333333333332	-0.037547408343868646	-0.08356007886248196	0.014154261568083804	0.08475039763943257	0.9928173700999581
0.18833333333333332	-0.018773704171934386	-0.0840238393182926	0.015958305376179982	0.08552586207847114	0.9926853269157343
0.18833333333333332	-1.249000902703301E-16	-0.08444112488856259	0.017817725127540623	0.0863004918941162	0.9925522250988336
0.18833333333333332	0.018773704171934136	0.02255808493714817	0.014962599589664644	0.027069292242543463	0.9992672534174878
0.18833333333333332	0.037547408343868396	0.02226102413424902	0.011968270554914479	0.025274348568880074	0.9993612073044188
0.18833333333333332	0.05632111251580266	0.021958310193862074	0.008531574415057586	0.023557486040949534	0.9994450448514305
0.18833333333333332	0.07509481668773692	0.021353595219041344	0.0014935344160823538	0.02140576263137307	0.9995417933261693
0.18833333333333332	0.09386852085967118	1.5686187899076027	0.15694287984163513	1.5764504354987434	-1.485195975584178
0.18833333333333332	0.11264222503160544	1.5440857496800533	0.17626843219669083	1.554114333810126	-1.4152713625540918
0.18833333333333332	0.1314159292035397	1.5184409398462666	0.1928789739649317	1.5306420830484762	-1.3428651863989782
0.18833333333333332	0.15018963337547397	1.4926472662364532	0.20604306854156848	1.5068011174329485	-1.2704496074971825
0.18833333333333332	0.16896333754740822	1.4673951567673849	0.21607263763955384	1.4832180995527569	-1.199935930840892
0.18833333333333332	0.18773704171934247	1.4431510181302298	0.22344950322848917	1.4603474044292946	-1.1326145416233775
0.18833333333333332	0.20651074589127671	1.4201863867999627	0.22866367913378655	1.438477129260988	-1.069216451406933
0.18833333333333332	0.22528445006321096	1.3986286000893058	0.2321593056837742	1.4177658143019753	-1.0100599042033434
0.18833333333333332	0.2440581542351452	1.3785072946315793	0.23431557010910772	1.3982797101252782	-0.9551861477480319
0.18833333333333332	0.26283185840707946	1.3597905208209395	0.23544445990550406	1.3800233165474691	-0.9044643542146762
0.18833333333333332	0.2816055625790137	1.342410523976423	0.23579652009334362	1.362962220228714	-0.8576660137707852
0.20666666666666667	-0.2816055625790139	0.8109740069766682	0.11250913096280928	0.818741195092686	0.3296628554582004
0.20666666666666667	-0.2628318584070797	0.8069549834170189	0.10398845564220283	0.8136276446682547	0.3380100558315884
0.20666666666666667	-0.24405815423514543	0.8029916613456979	0.09441718658009246	0.8085234772796792	0.34628978668757604
0.20666666666666667	-0.22528445006321118	0.7991691771572407	0.08367136923377001	0.8035373493171521	0.354327728252365
0.20666666666666667	-0.20651074589127694	0.7956018513443173	0.07162324774733311	0.7988192508198466	0.361887804519619
0.20666666666666667	-0.1877370417193427	0.7924397709077828	0.05814797651187223	0.7945703100977312	0.3686580223111954
0.20666666666666667	-0.16896333754740844	0.789875033979804	0.043133974383527174	0.7910519003521294	0.3742368909492848
0.20666666666666667	-0.1501896333754742	0.7881462628718379	0.026497610679024924	0.7885915641512666	0.37812334494945876
0.20666666666666667	-0.13141592920353995	0.7875403261079236	0.008203155093502335	0.7875830476842824	0.3797129430003373
0.20666666666666667	-0.11264222503160569	0.7884004681187863	-0.01170116196301188	0.7884872955991149	0.378287784678794
0.20666666666666667	-0.09386852085967143	0.7912633557060448	-0.03290324228267433	0.791947170861733	0.37281967856409703
0.20666666666666667	-0.07509481668773717	0.797824593723738	-0.05215683157466275	0.7995276214305266	0.3607555825696446
0.20666666666666667	-0.05632111251580291	-0.0843841805201131	0.011254472654585568	0.08513138714236863	0.9927526469232162
0.20666666666666667	-0.037547408343868646	-0.08533724046211977	0.013558146475614902	0.0864075687977846	0.9925337320544562
0.20666666666666667	-0.018773704171934386	-0.08587040807213864	0.015509846893771856	0.08725985522073629	0.9923857176668561
0.20666666666666667	-1.249000902703301E-16	-0.08629167854995945	0.017445189760652263	0.0880374263183261	0.9922494115672453
0.20666666666666667	0.018773704171934136	0.025403833190060232	0.014674432498373247	0.029337581868615528	0.9991393062901023
0.20666666666666667	0.037547408343868396	0.025193539221793015	0.01179980814886597	0.027819954904170257	0.9992260501091299
0.20666666666666667	0.05632111251580266	0.025337905384066883	0.009019250443947635	0.026895284490456226	0.9992766436721774
0.20666666666666667	0.07509481668773692	0.02728507301338956	0.00896344398990953	0.028719654202414145	0.9991751814624937
0.20666666666666667	0.09386852085967118	1.5486688887745368	0.13306558336425794	1.5543750437182877	-1.416081776534229
0.20666666666666667	0.11264222503160544	1.5265216273166857	0.15303373967228617	1.534173264055813	-1.3536876041436674
0.20666666666666667	0.1314159292035397	1.5040130923258395	0.16919500091029138	1.5135000265016738	-1.2906823302205672
0.20666666666666667	0.15018963337547397	1.4811916370025733	0.18243910724682688	1.492384901216634	-1.227212693379382
0.20666666666666667	0.16896333754740822	1.4585608579529679	0.1930561973233138	1.4712819144125424	-1.1646704716774359
0.20666666666666667	0.18773704171934247	1.436532893651132	0.20136667860651	1.4505775724843921	-1.1041752937947118
0.20666666666666667	0.20651074589127671	1.4153869129922751	0.20771716477173804	1.4305476343032453	-1.0464665340106114
0.20666666666666667	0.22528445006321096	1.3952889846109167	0.21244468616927625	1.411369581384736	-0.991964095258125
0.20666666666666667	0.2440581542351452	1.3763196635223147	0.21585461449562315	1.3931435786727913	-0.9408490307972317
0.20666666666666667	0.26283185840707946	1.3584992176699209	0.21821130895375032	1.3759128968670569	-0.8931362997650962
0.20666666666666667	0.2816055625790137	1.3418078980654051	0.21973674821754163	1.3596810926934007	-0.84873267382792
0.225	-0.2816055625790139	0.8188074800368756	0.10901572205722594	0.8260327578371192	0.3176698829800032
0.225	-0.2628318584070797	0.8157255854539798	0.1005682700307016	0.8219015803009544	0.3244777922987938
0.225	-0.24405815423514543	0.8128066009482406	0.0911441129419036	0.8179008618830274	0.33103818013100106
0.225	-0.22528445006321118	0.8101391094843693	0.08064276541446642	0.8141428820113946	0.3371713676701804
0.225	-0.20651074589127694	0.8078356891152468	0.06896498679716817	0.8107741177493515	0.34264532998776076
0.225	-0.1877370417193427	0.806036732562542	0.056019312596629955	0.8079810502876277	0.3471666223761021
0.225	-0.16896333754740844	0.8049133829543187	0.04173123601268661	0.8059944479449671	0.3503729498818877
0.225	-0.1501896333754742	0.8046684393723617	0.026055164065794834	0.8050901619672467	0.3518298311035525
0.225	-0.13141592920353995	0.8055324368561801	0.008988584994171045	0.8055825851442254	0.35103669851234676
0.225	-0.11264222503160569	0.807736080069315	-0.009412796202010076	0.8077909233075619	0.34747382422191675
0.225	-0.09386852085967143	0.8112800781652354	-0.029002508511680153	0.8117983189978657	0.34098348927223954
0.225	-0.07509481668773717	0.8144698994034704	-0.049215674980828655	0.8159555133082427	0.33421660030188216
0.225	-0.05632111251580291	-0.08716056672926586	0.011025828469508475	0.08785518360350647	0.9922814667139942
0.225	-0.037547408343868646	-0.08733650392040526	0.013049523311182198	0.0883060302339996	0.992202045024312
0.225	-0.018773704171934386	-0.08780150401885956	0.01506096659333539	0.08908387521150714	0.9920640631773007
0.225	-1.249000902703301E-16	-0.08822168005171105	0.017075585062824916	0.08985900309030943	0.9919253595636157
0.225	0.018773704171934136	0.028152832726547783	0.014401856473940766	0.031622704824618805	0.999000004539575
0.225	0.037547408343868396	0.0279146289492036	0.011644834976450275	0.030246135141542885	0.9990851713089995
0.225	0.05632111251580266	0.027628710303440496	0.008945115519692431	0.029040673626692638	0.999156639275308
0.225	0.07509481668773692	0.025813159746600478	0.006293595640735783	0.026569316178490628	0.9992940714378074
0.225	0.09386852085967118	1.5274896849452715	0.11520775261834991	1.5318281770086277	-1.3464975638775756
0.225	0.11264222503160544	1.5096906931929814	0.13290734339022844	1.5155297262147494	-1.296830351040553
0.225	0.1314159292035397	1.4899020696342153	0.1482750729800538	1.4972620593495176	-1.2417936743675586
0.225	0.15018963337547397	1.4695340891830642	0.16135038704632815	1.478365444222469	-1.185564386671098
0.225	0.16896333754740822	1.4491302122611598	0.17224345894155363	1.4593307305872185	-1.1296461812362248
0.225	0.18773704171934247	1.4290560141327595	0.1811510492461022	1.4404918584191906	-1.0750167941719733
0.225	0.20651074589127671	1.4095747860994186	0.18831312458133417	1.4220980664134266	-1.0223629104968066
0.225	0.22528445006321096	1.3908638645155298	0.19398000611772573	1.4043256504060968	-0.9721305323885068
0.225	0.2440581542351452	1.373030345162154	0.19839137800473572	1.387289251599219	-0.9245714676027212
0.225	0.26283185840707946	1.3561273894484507	0.20176470195080135	1.371054518013622	-0.8797904913655654
0.225	0.2816055625790137	1.3401689465393267	0.20429025079500326	1.3556501435983452	-0.837787311838214
0.24333333333333335	-0.2816055625790139	0.8265535054019383	0.10635992403037073	0.8333685443619637	0.30549686926802166
0.24333333333333335	-0.2628318584070797	0.824343929483258	0.09807898579788596	0.8301580581618422	0.3108375984689594
0.24333333333333335	-0.24405815423514543	0.8223854358333236	0.08889842380409592	0.827176362588788	0.31577926517438193
0.24333333333333335	-0.22528445006321118	0.8207661895928617	0.07873718744507663	0.824534221646104	0.32014331733445345
0.24333333333333335	-0.20651074589127694	0.819593274468994	0.06751839616916687	0.8223696671060189	0.32370813062393566
0.24333333333333335	-0.1877370417193427	0.8189944215764426	0.05517523969322499	0.8208508814934273	0.3262038303514633
0.24333333333333335	-0.16896333754740844	0.8191186634254	0.04165880982529083	0.8201773230270838	0.32730915879212663
0.24333333333333335	-0.1501896333754742	0.8201353935340866	0.026947782229919975	0.8205779954973338	0.3266517533055776
0.24333333333333335	-0.13141592920353995	0.8222325888373607	0.011058421594386608	0.8223069492801015	0.3238112811656526
0.24333333333333335	-0.11264222503160569	0.825627411415233	-0.005960334441154513	0.8256489254319107	0.31830385193313115
0.24333333333333335	-0.09386852085967143	0.8307195538712805	-0.02423386584447698	0.8310729555447388	0.3093177425621326
0.24333333333333335	-0.07509481668773717	0.8375304811284083	-0.04794082735011007	0.8389014422124903	0.2962443702538038
0.24333333333333335	-0.05632111251580291	-0.08846004544022468	0.010815426965178343	0.0891187584054318	0.9920578469002743
0.24333333333333335	-0.037547408343868646	-0.08926037062235292	0.012559946584540821	0.09013970280540269	0.9918748339781537
0.24333333333333335	-0.018773704171934386	-0.08979530828295146	0.014605215921364517	0.09097532479601253	0.99172349027826
0.24333333333333335	-1.249000902703301E-16	-0.09023483391574505	0.016698214706783676	0.09176685472541783	0.9915788443738041
0.24333333333333335	0.018773704171934136	0.030807050364427768	0.014122099645037495	0.033889645181688716	0.9988514919494592
0.24333333333333335	0.037547408343868396	0.030574417946228727	0.011453834526050644	0.03264943120639046	0.9989340146418991
0.24333333333333335	0.05632111251580266	0.030532349064024578	0.008677655459216255	0.03174155074403751	0.9989924739563637
0.24333333333333335	0.07509481668773692	0.03153620981470262	0.0043867730971068886	0.03183985407759349	0.9989862236923176
0.24333333333333335	0.09386852085967118	1.5120743176733744	0.09977219180824634	1.5153624095989786	-1.2963232324256224
0.24333333333333335	0.11264222503160544	1.494237222070454	0.11497174239902652	1.4986538550883242	-1.2459633773710959
0.24333333333333335	0.1314159292035397	1.4762716205986122	0.1295614216933611	1.4819460380783294	-1.1961640597760574
0.24333333333333335	0.15018963337547397	1.4578905215829898	0.1423562270360157	1.464824244849003	-1.145710068297452
0.24333333333333335	0.16896333754740822	1.4393697110380619	0.15333051588494018	1.447513527451587	-1.0952954121553362
0.24333333333333335	0.18773704171934247	1.4210002317744792	0.1626013035909064	1.4302729958412086	-1.0456808426325859
0.24333333333333335	0.20651074589127671	1.4030171477241347	0.17033306240698295	1.413318955139606	-0.9974704689569074
0.24333333333333335	0.22528445006321096	1.3855936951721386	0.17670900831293432	1.3968163664990907	-0.9510959617197221
0.24333333333333335	0.2440581542351452	1.3688475904802333	0.18191373624602397	1.3808824473497114	-0.9068363333985285
0.24333333333333335	0.26283185840707946	1.3528507028052386	0.1861221653715326	1.3655938212086403	-0.8648464845232158
0.24333333333333335	0.2816055625790137	1.337639128866026	0.18949331588906876	1.3509945062212856	-0.8251861558400952
0.26166666666666666	-0.2816055625790139	0.8341304961612315	0.10448430010280071	0.840648947893325	0.2933093464058457
0.26166666666666666	-0.2628318584070797	0.8327254202626319	0.09644757738301218	0.8382921690762887	0.297266239265371
0.26166666666666666	-0.24405815423514543	0.8316437022904992	0.08758854476526305	0.8362433860626612	0.3006969992664549
0.26166666666666666	-0.22528445006321118	0.8309708647948738	0.07784164545487146	0.8346088304739308	0.3034281000949375
0.26166666666666666	-0.20651074589127694	0.8308067634191391	0.06714677003198188	0.8335157868143309	0.3052514331312869
0.26166666666666666	-0.1877370417193427	0.831265747558521	0.05545429406488067	0.8331133907183709	0.30592207820573913
0.26166666666666666	-0.16896333754740844	0.8324756270737794	0.042731556325712045	0.8335716259433857	0.3051583444221002
0.26166666666666666	-0.1501896333754742	0.834574962109972	0.02897097073604718	0.8350776517942807	0.30264531547375007
0.26166666666666666	-0.13141592920353995	0.8377082597537954	0.014201650720896908	0.8378286312504071	0.29804318465706936
0.26166666666666666	-0.11264222503160569	0.8420203699009386	-0.0014742616598295288	0.8420216605144758	0.2909995232244449
0.26166666666666666	-0.09386852085967143	0.8476647073507743	-0.017592894062573944	0.8478472539376245	0.2811550339904293
0.26166666666666666	-0.07509481668773717	-0.09116183442408143	0.004595229469458562	0.09127757769266569	0.9916684038105594
0.26166666666666666	-0.05632111251580291	-0.09065908639689368	0.009503998490740323	0.09115588809084922	0.9916906040663686
0.26166666666666666	-0.037547408343868646	-0.09131708982850739	0.011941983731055067	0.09209463540391738	0.9915185781298195
0.26166666666666666	-0.018773704171934386	-0.0918700805787862	0.014118703795620413	0.09294863905631505	0.9913605504975789
0.26166666666666666	-1.249000902703301E-16	-0.09233508477920438	0.01630082931872101	0.09376291867076737	0.9912085150823391
0.26166666666666666	0.018773704171934136	0.033360804759080764	0.013827384196772846	0.036112876483308125	0.9986958601521013
0.26166666666666666	0.037547408343868396	0.03310078617532619	0.011291683651886625	0.03497376395412637	0.9987768358348811
0.26166666666666666	0.05632111251580266	0.03299016427035717	0.008915541239881641	0.03417364209716578	0.9988321621858148
0.26166666666666666	0.07509481668773692	0.03295594123673651	0.007945764518015652	0.03390028372410748	0.998850770763425
0.26166666666666666	0.09386852085967118	1.4946343913313282	0.08142040106310311	1.4968504419145043	-1.2405612454596469
0.26166666666666666	0.11264222503160544	1.479287594001273	0.09844918419915746	1.4825599575179262	-1.1979840276355551
0.26166666666666666	0.1314159292035397	1.4630783513855072	0.11262753333873228	1.467406972710332	-1.1532832235589012
0.26166666666666666	0.15018963337547397	1.446376380798757	0.12511332392160363	1.4517775238497197	-1.1076579787552236
0.26166666666666666	0.16896333754740822	1.4294553189047403	0.1360487385863182	1.4359149584902238	-1.061851768015981
0.26166666666666666	0.18773704171934247	1.4125661449287743	0.14552192829732558	1.4200421632523137	-1.016519745414311
0.26166666666666666	0.20651074589127671	1.3959171333195324	0.15364600896440178	1.40434744246775	-0.9721917391657104
0.26166666666666666	0.22528445006321096	1.3796704599329441	0.1605533005849193	1.3889808999191793	-0.929267940340293
0.26166666666666666	0.2440581542351452	1.3639448292221332	0.16638364439383319	1.3740556809254738	-0.8880290142835674
0.26166666666666666	0.26283185840707946	1.3488210142887633	0.17127513822900706	1.359651904555844	-0.8486533015623339
0.26166666666666666	0.2816055625790137	1.3343484893435889	0.17535796635358422	1.34582179629295	-0.8112363073771824
0.27999999999999997	-0.2816055625790139	0.8414697672834972	0.10332854837002707	0.8477901616322284	0.28125184183960006
0.27999999999999997	-0.2628318584070797	0.8408006374451571	0.09560059054713983	0.8462181662202392	0.28391481515885575
0.27999999999999997	-0.24405815423514543	0.8405142897151672	0.08712618013192759	0.8450178947689646	0.2859447575202271
0.27999999999999997	-0.22528445006321118	0.8406926711753189	0.07785171885847579	0.8442896762942871	0.2871749425028879
0.27999999999999997	-0.20651074589127694	0.8414281880290033	0.06772908654960276	0.8441496459601315	0.2874113752253846
0.27999999999999997	-0.1877370417193427	0.8428227166845083	0.05671968050436682	0.84472910090512	0.2864327460840276
0.27999999999999997	-0.16896333754740844	0.8449853538238893	0.04479945934431834	0.8461721099956123	0.2839927602655734
0.27999999999999997	-0.1501896333754742	0.8480284006424734	0.031964853755809736	0.8486306146798275	0.27982607982813823
0.27999999999999997	-0.13141592920353995	0.8520596336124864	0.018238016644829852	0.8522548002111702	0.27366175551701843
0.27999999999999997	-0.11264222503160569	0.8571522677851452	0.0036573809454995276	0.8571600705846008	0.2652766133954022
0.27999999999999997	-0.09386852085967143	0.8630929969189627	-0.011859575896069424	0.8631744730186309	0.25492982912900874
0.27999999999999997	-0.07509481668773717	-0.09432711234823499	0.008245437271756584	0.09468680668265785	0.991034408640241
0.27999999999999997	-0.05632111251580291	-0.09305882057042436	0.009365811213072034	0.0935289394018629	0.9912523374943627
0.27999999999999997	-0.037547408343868646	-0.09346926883580853	0.011401999223786125	0.0941621463381112	0.9911334901970001
0.27999999999999997	-0.018773704171934386	-0.0940252394771961	0.01361175834793485	0.09500539786805089	0.9909739743759334
0.27999999999999997	-1.249000902703301E-16	-0.0945226724929602	0.015873847457056056	0.09584630743174877	0.9908134853516987
0.27999999999999997	0.018773704171934136	0.03581496722105981	0.013497481935255073	0.038273932325254036	0.9985351061043619
0.27999999999999997	0.037547408343868396	0.03549914161682555	0.011050198497421032	0.037179240744854396	0.9986177040576362
0.27999999999999997	0.05632111251580266	0.03519335661780432	0.008605559295714854	0.03623020840155374	0.99868737199918
0.27999999999999997	0.07509481668773692	0.03412836267477204	0.00571035701021691	0.03460279347169686	0.9988026466839551
0.27999999999999997	0.09386852085967118	1.4779387306464824	0.06983041851197139	1.4795875029529322	-1.1891791788944932
0.27999999999999997	0.11264222503160544	1.4650479305914987	0.0839114619525497	1.4674490016274662	-1.1534065723774471
0.27999999999999997	0.1314159292035397	1.4503601045460848	0.09724584811194839	1.4536165890061732	-1.1130011878339419
0.27999999999999997	0.15018963337547397	1.4350664379530644	0.10934982957510676	1.4392265515086224	-1.0713730665674013
0.27999999999999997	0.16896333754740822	1.419503591406257	0.12016615156800439	1.4245807628905869	-1.0294303499979267
0.27999999999999997	0.18773704171934247	1.4038957340304816	0.12973211589835631	1.409877176893239	-0.9877536539244496
0.27999999999999997	0.20651074589127671	1.3884266146920297	0.13812041926818164	1.395279797963114	-0.9468057146039881
0.27999999999999997	0.22528445006321096	1.3732444253604648	0.14542425649636576	1.3809230486023159	-0.906948466161114
0.27999999999999997	0.2440581542351452	1.358463298481987	0.1517475777105534	1.3669125285341344	-0.8684498606635807
0.27999999999999997	0.26283185840707946	1.3441664143264873	0.15719745576485766	1.3533271553849315	-0.8314943895022706
0.27999999999999997	0.2816055625790137	1.3304102469437997	0.16187850868028383	1.3402223982405364	-0.7961960767456149
0.2983333333333333	-0.2816055625790139	0.8485136569525301	0.10283125754631228	0.8547219978235684	0.26945030643648793
0.2983333333333333	-0.2628318584070797	0.8485124729280176	0.09546579643938424	0.8538659935869479	0.27091286499577416
0.2983333333333333	-0.24405815423514543	0.8489433408288741	0.08742759950566933	0.8534332903590144	0.2716516189069862
0.2983333333333333	-0.22528445006321118	0.8498846751956385	0.07867209055816769	0.853518165574224	0.27150674103481154
0.2983333333333333	-0.20651074589127694	0.8514223188185293	0.06915929862587591	0.8542265352754762	0.27029702643125564
0.2983333333333333	-0.1877370417193427	0.8536477542580607	0.058856824792894086	0.8556743622281386	0.2678213858254682
0.2983333333333333	-0.16896333754740844	0.8566550425609967	0.047743498157077374	0.8579844424938357	0.263862696438542
0.2983333333333333	-0.1501896333754742	0.8605364039234247	0.035813754132625414	0.8612813288714273	0.2581944725374683
0.2983333333333333	-0.13141592920353995	0.865378536634647	0.023082465974455818	0.8656863241979655	0.25058718809661495
0.2983333333333333	-0.11264222503160569	0.8712841255480209	0.009585634681500033	0.871336853245762	0.24077208817577334
0.2983333333333333	-0.09386852085967143	0.8787046935736387	-0.004697608839394546	0.878717250335482	0.22785599396284995
0.2983333333333333	-0.07509481668773717	-0.08904421403863871	0.008765526199378149	0.0894746137365839	0.9919942934966891
0.2983333333333333	-0.05632111251580291	-0.09463679823642601	0.008602975295376403	0.09502702123277812	0.9909698652356251
0.2983333333333333	-0.037547408343868646	-0.09560067379454273	0.010775119825965934	0.09620598753318056	0.9907444079627655
0.2983333333333333	-0.018773704171934386	-0.0962483943789465	0.013061947283709546	0.09713067428658996	0.9905656321126324
0.2983333333333333	-1.249000902703301E-16	-0.0967951241621452	0.015407026849391409	0.09801363444900395	0.9903933274620971
0.2983333333333333	0.018773704171934136	0.038178227605227266	0.013127535051844164	0.040372134444613336	0.9983700907603861
0.2983333333333333	0.037547408343868396	0.037834708169360964	0.010777420601960908	0.039339775508920746	0.9984523820629078
0.2983333333333333	0.05632111251580266	0.03767995334830099	0.008441966570800707	0.03861406070219313	0.9985089543160873
0.2983333333333333	0.07509481668773692	0.03871642604761094	0.005831257743506596	0.03915309965725999	0.9984670347872286
0.2983333333333333	0.09386852085967118	1.4668450315969157	0.05704842001959998	1.4679539737155554	-1.1548888689472894
0.2983333333333333	0.11264222503160544	1.4519621068647115	0.07029748218525197	1.4536628549194608	-1.1131356957725975
0.2983333333333333	0.1314159292035397	1.438156803436102	0.08308257713243386	1.4405546521713481	-1.075197705892514
0.2983333333333333	0.15018963337547397	1.4240034358576796	0.09482420448819713	1.427157109463179	-1.0367774150912963
0.2983333333333333	0.16896333754740822	1.409589137055907	0.10548097992227909	1.4135302516859627	-0.9980677724313811
0.2983333333333333	0.18773704171934247	1.3950874793780836	0.11506847980598754	1.3998249283972464	-0.9595098301623559
0.2983333333333333	0.20651074589127671	1.3806571306488835	0.12363063499393984	1.3861813179813862	-0.921498646320613
0.2983333333333333	0.22528445006321096	1.3664310885358508	0.13123069911853624	1.3727182580953785	-0.8843554161084102
0.2983333333333333	0.2440581542351452	1.3525158213147488	0.13794402802235894	1.3595321260543065	-0.8483276017737427
0.2983333333333333	0.26283185840707946	1.338992744138563	0.14385195971960346	1.3466977965270788	-0.8135949551708892
0.2983333333333333	0.2816055625790137	1.3259208362065062	0.14903700523739408	1.3342706220316372	-0.7802780928166919
0.3166666666666666	-0.2816055625790139	0.8552137547336418	0.10293090437760477	0.8613857076603983	0.2580146626383948
0.3166666666666666	-0.2628318584070797	0.8558135850913362	0.09597288542675522	0.861178080982106	0.2583723128359773
0.3166666666666666	-0.24405815423514543	0.8568867704958895	0.08841377273656581	0.8614359713062767	0.2579280673396116
0.3166666666666666	-0.22528445006321118	0.858508925487164	0.08021579292502543	0.8622483102771008	0.25652785142428447
0.3166666666666666	-0.20651074589127694	0.860760985379357	0.0713443045646698	0.863712616409566	0.2540005162549419
0.3166666666666666	-0.1877370417193427	0.8637269233105939	0.06176963331778457	0.8659328413057205	0.25016031434820196
0.3166666666666666	-0.16896333754740844	0.8674900958670407	0.05146929488429289	0.8690156239926264	0.24481184525670607
0.3166666666666666	-0.1501896333754742	0.87212774384539	0.04043088539291309	0.8730644066038342	0.23775854192149481
0.3166666666666666	-0.13141592920353995	0.8777020266589889	0.028657834701979745	0.8781697552814618	0.22881788090889754
0.3166666666666666	-0.11264222503160569	0.8842338735304572	0.01620000190855983	0.8843822607676581	0.21786801683948598
0.3166666666666666	-0.09386852085967143	0.8915134003428948	0.0034224911164822402	0.8915199697350549	0.20519214356360682
0.3166666666666666	-0.07509481668773717	-0.098093132271732	0.003762594962506277	0.09816526737971729	0.9903635802802686
0.3166666666666666	-0.05632111251580291	-0.09727313267299076	0.007555561478059691	0.09756612552144316	0.990480851150734
0.3166666666666666	-0.037547408343868646	-0.0978852109960704	0.01007321671178904	0.09840215559970161	0.9903170157733321
0.3166666666666666	-0.018773704171934386	-0.09855540645282113	0.012459796978921384	0.09933989471424215	0.9901315853181633
0.3166666666666666	-1.249000902703301E-16	-0.0991546410259101	0.014891614667295633	0.10026665958520961	0.9899465969756237
0.3166666666666666	0.018773704171934136	0.04044491272993833	0.012711993514004372	0.04239558638387275	0.9982026142551675
0.3166666666666666	0.037547408343868396	0.040040959406007826	0.01047388166789262	0.04138817013769253	0.9982870193726534
0.3166666666666666	0.05632111251580266	0.03971129930374928	0.00836221138039997	0.040582186628648396	0.9983530861284375
0.3166666666666666	0.07509481668773692	0.039027831415725855	0.006974813729547474	0.03964618079432371	0.9984281803484238
0.3166666666666666	0.09386852085967118	1.4502448723150523	0.043379270265771125	1.4508935008348798	-1.1050919507648933
0.3166666666666666	0.11264222503160544	1.439015701080312	0.05754503291638044	1.4401658303018472	-1.0740776187690089
0.3166666666666666	0.1314159292035397	1.4263585452584082	0.06993796558022797	1.4280721335637019	-1.0393900186611837
0.3166666666666666	0.15018963337547397	1.4131927829541473	0.08133965963297941	1.4155316958736377	-1.0037299820228966
0.3166666666666666	0.16896333754740822	1.3997547475763699	0.09181975223169318	1.4027630663310453	-0.9677442202624766
0.3166666666666666	0.18773704171934247	1.3862071042659	0.1013856275010357	1.389909774546906	-0.931849181381031
0.3166666666666666	0.20651074589127671	1.3726886440806185	0.1100601867985894	1.3770938088256832	-0.8963873583060273
0.3166666666666666	0.22528445006321096	1.3593174676619166	0.11788365888521053	1.3644194864201298	-0.8616405349229708
0.3166666666666666	0.2440581542351452	1.346190840629907	0.12490868200918952	1.3519733570736994	-0.8278319582371285
0.3166666666666666	0.26283185840707946	1.3333858283199387	0.13119544525410054	1.339824619873762	-0.7951300120198708
0.3166666666666666	0.2816055625790137	1.320960828787878	0.13680764895638386	1.3280262964282488	-0.7636538440049307
0.3349999999999999	-0.2816055625790139	0.8615293945575644	0.10356626314245242	0.867732025770638	0.2470411314519848
0.3349999999999999	-0.2628318584070797	0.8626643283686368	0.09705344381999108	0.8681066261681404	0.2463908856029685
0.3349999999999999	-0.24405815423514543	0.8643075347890345	0.09000967103292835	0.868981734890069	0.24487074442744583
0.3349999999999999	-0.22528445006321118	0.866532981891857	0.08240253945143025	0.8704421791333632	0.2423304127855621
0.3349999999999999	-0.20651074589127694	0.869418821299892	0.07420099424505976	0.8725794372877743	0.2386051256225511
0.3349999999999999	-0.1877370417193427	0.8730449380179206	0.06537599111503561	0.8754892826374221	0.233518515987012
0.3349999999999999	-0.16896333754740844	0.8774890915769825	0.055901133803811315	0.8792679014937084	0.2268879574028504
0.3349999999999999	-0.1501896333754742	0.8828211544327258	0.04575314416843734	0.8840059620360196	0.2185334590847715
0.3349999999999999	-0.13141592920353995	0.8890943986635409	0.03491002469488372	0.8897795005275637	0.2082924404409192
0.3349999999999999	-0.11264222503160569	0.89632607212347	0.02332187225029056	0.8966294314227851	0.19605566270645314
0.3349999999999999	-0.09386852085967143	0.9043520773240805	0.01060139352893838	0.9044142133475873	0.18203493069486476
0.3349999999999999	-0.07509481668773717	-0.09992644532999129	0.006966714840356825	0.10016900514607592	0.9899661704080455
0.3349999999999999	-0.05632111251580291	-0.09944474646242285	0.007274873941925608	0.09971048786284455	0.9900578186101535
0.3349999999999999	-0.037547408343868646	-0.10019030017206965	0.009384685686385202	0.10062886551085459	0.9898738314259984
0.3349999999999999	-0.018773704171934386	-0.10093696504599126	0.011803508308027899	0.10162476923011114	0.9896724062789266
0.3349999999999999	-1.249000902703301E-16	-0.10160253117331619	0.01431924019553274	0.10260660300683407	0.989471885019398
0.3349999999999999	0.018773704171934136	0.042615765227642655	0.012240336187240852	0.044338801020260284	0.9980340707240858
0.3349999999999999	0.037547408343868396	0.04215510447785842	0.010091636675279209	0.043346210495555426	0.998121106035675
0.3349999999999999	0.05632111251580266	0.041774916953882246	0.007931526788193088	0.04252120416563462	0.9981919471963044
0.3349999999999999	0.07509481668773692	0.041176046926014176	0.005132862221650186	0.041494735991927524	0.9982781868849603
0.3349999999999999	0.09386852085967118	1.4376607808371462	0.03490389796695853	1.4380844213225317	-1.0680868028505608
0.3349999999999999	0.11264222503160544	1.4269453875139184	0.046039181247748	1.427687901873939	-1.03829274515721
0.3349999999999999	0.1314159292035397	1.4150032568325372	0.057680038435152126	1.416178379894485	-1.0055612036805681
0.3349999999999999	0.15018963337547397	1.402635511258777	0.06873262106477133	1.4043185360318378	-0.972110550642604
0.3349999999999999	0.16896333754740822	1.3900216494114936	0.0790335542857435	1.3922666729242954	-0.9384064885356869
0.3349999999999999	0.18773704171934247	1.3772957010930271	0.08855551758737912	1.380139676969147	-0.9047855279445014
0.3349999999999999	0.20651074589127671	1.3645764396631939	0.09730328098667278	1.3680412231269383	-0.8715367881746494
0.3349999999999999	0.22528445006321096	1.3519674754111823	0.10529919862601896	1.3560619365652027	-0.8389039758009678
0.3349999999999999	0.2440581542351452	1.3395562434732782	0.11257788872904563	1.3442785092602387	-0.8070847104589298
0.3349999999999999	0.26283185840707946	1.3274139418695474	0.11918225341278138	1.3327536091109258	-0.7762321825981984
0.3349999999999999	0.2816055625790137	1.315596322212988	0.12516015016565715	1.3215365096015435	-0.7464587462098304
0.3533333333333332	-0.2816055625790139	0.8674265110075089	0.10467640269838203	0.8737195781717002	0.23661409871946626
0.3533333333333332	-0.2628318584070797	0.8690312527748428	0.09864044590354527	0.8746114885293144	0.23505474413253702
0.3533333333333332	-0.24405815423514543	0.8711737285749364	0.09214301849851457	0.8760331050920248	0.23256599878282547
0.3533333333333332	-0.22528445006321118	0.8739275687994755	0.08515645331509247	0.8780666358819059	0.2289989829510325
0.3533333333333332	-0.20651074589127694	0.8773704194204937	0.07765264867489632	0.8808000832880977	0.22419121327968017
0.3533333333333332	-0.1877370417193427	0.8815816840740023	0.06960257749728786	0.8843250445899516	0.21796921551098003
0.3533333333333332	-0.16896333754740844	0.8866389092772895	0.060975364916334956	0.8887331154914291	0.21015344942889813
0.3533333333333332	-0.1501896333754742	0.8926124262816426	0.05173702066321828	0.894110542863413	0.200566337140493
0.3533333333333332	-0.13141592920353995	0.8995596882416521	0.04185031377519716	0.9005326654111447	0.18904091852749927
0.3533333333333332	-0.11264222503160569	0.9075432344812456	0.031289773507684415	0.9080824700316835	0.17538622762115663
0.3533333333333332	-0.09386852085967143	0.9169684144600927	0.020234506309585232	0.9171916421136037	0.15875949163695113
0.3533333333333332	-0.07509481668773717	-0.0970467068151426	4.149834906092553E-4	0.09704759407095945	0.9905817644850383
0.3533333333333332	-0.05632111251580291	-0.10137588693024724	0.00596274588240997	0.10155109447638892	0.9896873752106475
0.3533333333333332	-0.037547408343868646	-0.10254211995665008	0.008530697801306858	0.10289635158829119	0.9894123408298188
0.3533333333333332	-0.018773704171934386	-0.10339970887433969	0.011067034406906873	0.10399028342043243	0.9891860209541381
0.3533333333333332	-1.249000902703301E-16	-0.10414385800724046	0.013680182529307833	0.10503851938535426	0.9889669094453326
0.3533333333333332	0.018773704171934136	0.04468652945278062	0.011711033157671163	0.04619560814789977	0.9978659657878457
0.3533333333333332	0.037547408343868396	0.0441757222650907	0.009680731880742477	0.04522400919190219	0.9979547889926107
0.3533333333333332	0.05632111251580266	0.0438496226080789	0.00773454728530229	0.04452653843023867	0.9980173873754205
0.3533333333333332	0.07509481668773692	0.04440783663240677	0.006215655683926263	0.04484072178223332	0.9979893096700484
0.3533333333333332	0.09386852085967118	1.4283476190925768	0.021504365156319094	1.4285094884837863	-1.040639358688209
0.3533333333333332	0.11264222503160544	1.4155527029100456	0.03460910599841738	1.4159757218730642	-1.0049872449339454
0.3533333333333332	0.1314159292035397	1.404026092210835	0.04606310228153243	1.4047815050749448	-0.9734110770006272
0.3533333333333332	0.15018963337547397	1.3923095017538785	0.05685388371709993	1.3934698104974685	-0.9417581127678509
0.3533333333333332	0.16896333754740822	1.3803933157296888	0.0669942325721972	1.3820180654785748	-0.9099739333091421
0.3533333333333332	0.18773704171934247	1.3683755542964668	0.07646633995850954	1.370510400815263	-0.878298758742813
0.3533333333333332	0.20651074589127671	1.3563565125732804	0.08526524553719297	1.3590339036596804	-0.8469731512964693
0.3533333333333332	0.22528445006321096	1.3444263753518761	0.09339998330158633	1.3476668117982724	-0.8162058356225201
0.3533333333333332	0.2440581542351452	1.3326627716968003	0.10089090999597944	1.3364763517497849	-0.7861690387864146
0.3533333333333332	0.26283185840707946	1.3211302331552357	0.10776681827424714	1.3255183062024312	-0.756998780077762
0.3533333333333332	0.2816055625790137	1.309880519484992	0.11406229763389443	1.3148373219025218	-0.7287971830677957
0.37166666666666653	-0.2816055625790139	0.8728769067407182	0.10620044539209447	0.8793137261084486	0.22680737107727622
0.37166666666666653	-0.2628318584070797	0.8748862164058365	0.1006674863755424	0.8806587502943977	0.22444016552990975
0.37166666666666653	-0.24405815423514543	0.8774575502815165	0.0947427666172208	0.882557615327365	0.22109205562767487
0.37166666666666653	-0.22528445006321118	0.8806653973594799	0.0884034935442759	0.8850913623898741	0.21661328022283666
0.37166666666666653	-0.20651074589127694	0.8845889885960199	0.08162496792372413	0.888346955943385	0.21083968586612167
0.37166666666666653	-0.1877370417193427	0.8893106162133309	0.07437905791733862	0.8924156074197744	0.20359438363359506
0.37166666666666653	-0.16896333754740844	0.8949127414365067	0.06663172859837707	0.8973898829613646	0.19469139795858836
0.37166666666666653	-0.1501896333754742	0.9014729719854175	0.058339384321305116	0.9033587343814252	0.18394299701678962
0.37166666666666653	-0.13141592920353995	0.909053217188105	0.04944461611196732	0.9103969034121896	0.1711774782574963
0.37166666666666653	-0.11264222503160569	0.9176540212267005	0.039880952411283005	0.9185202191779802	0.15632060696123518
0.37166666666666653	-0.09386852085967143	0.9268639735188293	0.029678809748943158	0.9273390195366671	0.14004234284477302
0.37166666666666653	-0.07509481668773717	-0.10553403112786941	0.001961499458462579	0.1055522581768086	0.9888587207937763
0.37166666666666653	-0.05632111251580291	-0.10430947560464832	0.005054788847692365	0.10443188014783358	0.9890939824087885
0.37166666666666653	-0.037547408343868646	-0.1050498351077469	0.007632558016956809	0.10532674778064224	0.9889062762019529
0.37166666666666653	-0.018773704171934386	-0.10595959344813899	0.010250250722367404	0.10645422999376912	0.9886674969164337
0.37166666666666653	-1.249000902703301E-16	-0.10678754064334228	0.012966264308614112	0.10757184969486358	0.9884282971532257
0.37166666666666653	0.018773704171934136	0.046645919374146416	0.011115587833201435	0.04795203944710781	0.997700601912863
0.37166666666666653	0.037547408343868396	0.046058076736539943	0.00920524047690538	0.046968956608665034	0.9977939171150934
0.37166666666666653	0.05632111251580266	0.04553859872697852	0.007385728812191766	0.04613364243265439	0.997871687035896
0.37166666666666653	0.07509481668773692	0.04453911819325662	0.0058633819251709685	0.04492340478006208	0.9979818877029667
0.37166666666666653	0.09386852085967118	1.413244361475078	0.01198883646341603	1.4132952124170122	-0.9974033574408476
0.37166666666666653	0.11264222503160544	1.4040325967134388	0.023938204005808983	1.4042366503709072	-0.9718805702449054
0.37166666666666653	0.1314159292035397	1.393307999320574	0.035046275190420334	1.3937486941251005	-0.942535422375423
0.37166666666666653	0.15018963337547397	1.3821804422575388	0.0455953821567007	1.3829322882315176	-0.9125017138332612
0.37166666666666653	0.16896333754740822	1.3708612289283488	0.05559458433230857	1.371988070934301	-0.8823512667860247
0.37166666666666653	0.18773704171934247	1.3594549331648726	0.06502136497131128	1.3610089982101665	-0.8523454932090411
0.37166666666666653	0.20651074589127671	1.348049817424821	0.07386234259807783	1.3500718336122597	-0.822693955913169
0.37166666666666653	0.22528445006321096	1.336724408484725	0.08211603241737776	1.3392442596549778	-0.7935751870188097
0.37166666666666653	0.2440581542351452	1.3255469511760736	0.08979132565360351	1.3285846611845311	-0.7651372019348153
0.37166666666666653	0.26283185840707946	1.314574956485951	0.09690543799185534	1.3181418664667446	-0.7374979801324331
0.37166666666666653	0.2816055625790137	1.3038553279828158	0.10348186358056942	1.3079553556598496	-0.7107472123992835
0.38999999999999985	-0.2816055625790139	0.8778579315954882	0.10807725595449001	0.8844858627020339	0.21768475868023884
0.38999999999999985	-0.2628318584070797	0.8802061027358047	0.10306797308089025	0.8862199446911343	0.2146142096316429
0.38999999999999985	-0.24405815423514543	0.8831351250594218	0.09773756865784396	0.8885270290997721	0.21051971855913276
0.38999999999999985	-0.22528445006321118	0.886721170878488	0.09206891231397306	0.8914881488268899	0.20524888050120504
0.38999999999999985	-0.20651074589127694	0.8910465958556105	0.0860421174876909	0.8951911985534918	0.19863271803236282
0.38999999999999985	-0.1877370417193427	0.8961992225965753	0.07963225679476749	0.8997301500477427	0.19048565709506637
0.38999999999999985	-0.16896333754740844	0.902270881649345	0.0728056318232913	0.9052035151817932	0.18060659610252505
0.38999999999999985	-0.1501896333754742	0.9093547365470848	0.06551368951476744	0.9117116212895695	0.16878191960554456
0.38999999999999985	-0.13141592920353995	0.917541439262094	0.057681193200761066	0.9193527140397304	0.15479058718778171
0.38999999999999985	-0.11264222503160569	0.9269236752511169	0.04915996812097145	0.9282263744403586	0.13839579779330713
0.38999999999999985	-0.09386852085967143	0.9376936353962293	0.039326167443434645	0.9385179280697763	0.11918409869161417
0.38999999999999985	-0.07509481668773717	-0.10544514916973147	0.005744836005408066	0.10560152756544743	0.988848317375844
0.38999999999999985	-0.05632111251580291	-0.10622985233645554	0.004388836764187609	0.10632047505333972	0.9886959565844322
0.38999999999999985	-0.037547408343868646	-0.10754167320931152	0.00664371369828573	0.10774669557978629	0.9883906495916368
0.38999999999999985	-0.018773704171934386	-0.10861277675123704	0.009336213666744697	0.10901330267102803	0.9881160998407549
0.38999999999999985	-1.249000902703301E-16	-0.10954341258077815	0.012168189866688911	0.11021716783003625	0.9878521759155257
0.38999999999999985	0.018773704171934136	0.04848744353384049	0.010448214882824658	0.04960037675950706	0.9975398026253149
0.38999999999999985	0.037547408343868396	0.04783975854466127	0.008659551317250852	0.04861718139328515	0.9976363696733724
0.38999999999999985	0.05632111251580266	0.04735378390301792	0.006869595040771975	0.0478494742495455	0.9977104278140421
0.38999999999999985	0.07509481668773692	0.047148408527596164	0.004401988222362041	0.04735345739220017	0.9977576500730051
0.38999999999999985	0.09386852085967118	1.4036191726616005	0.004516792755140442	1.403626440075859	-0.9701671832800287
0.38999999999999985	0.11264222503160544	1.3933893130400192	0.013929640463412302	1.3934589382459666	-0.9417278125775765
0.38999999999999985	0.1314159292035397	1.3829027782816974	0.024533699172780588	1.383120383977598	-0.9130219965743382
0.38999999999999985	0.15018963337547397	1.3722267752523722	0.0348603420085864	1.3726695036185805	-0.8842215661644803
0.38999999999999985	0.16896333754740822	1.361410520016668	0.044742672613377055	1.3621455541771745	-0.8554405107646419
0.38999999999999985	0.18773704171934247	1.350531731953787	0.05413693185580451	1.3516163532618477	-0.8268667664048559
0.38999999999999985	0.20651074589127671	1.3396655003666849	0.06302111727464119	1.3411470143482647	-0.7986753140952645
0.38999999999999985	0.22528445006321096	1.3288796672216283	0.07138495312463009	1.3307956197281652	-0.7710169814876713
0.38999999999999985	0.2440581542351452	1.3182335355905588	0.07922787416977332	1.320612248315548	-0.7440167104010467
0.38999999999999985	0.26283185840707946	1.3077774495685985	0.08655749202767259	1.310638797314603	-0.717774057026269
0.38999999999999985	0.2816055625790137	1.297552880887347	0.09338800913459451	1.3009092201030696	-0.6923647989491768
0.40833333333333316	-0.2816055625790139	0.8823525271045445	0.11024521438952217	0.8892131293360257	0.20930001061643244
0.40833333333333316	-0.2628318584070797	0.884973076853568	0.10577448904946982	0.8912718941430542	0.20563441071065236
0.40833333333333316	-0.24405815423514543	0.8881871090494402	0.1010545355595222	0.8939174233891813	0.20091164016124707
0.40833333333333316	-0.22528445006321118	0.892072712153314	0.09607511824890427	0.8972313815929034	0.19497584788488975
0.40833333333333316	-0.20651074589127694	0.8967160062310026	0.0908232663702739	0.9013037565355229	0.18765153845495497
0.40833333333333316	-0.1877370417193427	0.9022116583889406	0.08528069470570337	0.906233233457265	0.17874132657759023
0.40833333333333316	-0.16896333754740844	0.908663333934151	0.07941954382325934	0.9121274682726209	0.16802348162257896
0.40833333333333316	-0.1501896333754742	0.9161839150938977	0.07319566048409426	0.9191031340336542	0.15524942900951477
0.40833333333333316	-0.13141592920353995	0.9248958000913324	0.06654048497594356	0.9272862973038153	0.14014012283258026
0.40833333333333316	-0.11264222503160569	0.9349416505888167	0.05937787174811404	0.9368252887593698	0.12235837834092345
0.40833333333333316	-0.09386852085967143	0.9466216547449646	0.05199526299720525	0.9480485560382672	0.1012039353937565
0.40833333333333316	-0.07509481668773717	-0.10708823635466147	-0.005055349805451581	0.10720749473431099	0.9885065530727927
0.40833333333333316	-0.05632111251580291	-0.1087633350293058	0.0023195644608378363	0.10878806656056077	0.988165156574015
0.40833333333333316	-0.037547408343868646	-0.1102051946049365	0.005423393390147246	0.11033856131822735	0.9878254018862238
0.40833333333333316	-0.018773704171934386	-0.1113917931647701	0.008304389276833218	0.11170091524121056	0.9875229055342759
0.40833333333333316	-1.249000902703301E-16	-0.11242831910668016	0.011277751064841857	0.11299254225936349	0.987232685393766
0.40833333333333316	0.018773704171934136	0.05019421738430874	0.009707727173752817	0.051124352570015595	0.9973863005742968
0.40833333333333316	0.037547408343868396	0.04947774674916905	0.008078119532081013	0.05013285787334986	0.9974866965614505
0.40833333333333316	0.05632111251580266	0.04895279565663002	0.0065705649695320945	0.04939178602377745	0.9975604514733813
0.40833333333333316	0.07509481668773692	0.048887550074873776	0.00580461668426685	0.04923094684418085	0.9975763138728254
0.40833333333333316	0.09386852085967118	1.393180490434025	-0.008799776239063861	1.3932082812658875	-0.9410293149878481
0.40833333333333316	0.11264222503160544	1.3828790590381574	0.0037154213196881614	1.3828840501943185	-0.9123682962818425
0.40833333333333316	0.1314159292035397	1.3726997938156567	0.014365416968655537	1.372774959396561	-0.8845110891462298
0.40833333333333316	0.15018963337547397	1.3624085255605196	0.02455801067055635	1.3626298420363778	-0.856760086408084
0.40833333333333316	0.16896333754740822	1.352018732883757	0.03435866459779535	1.352455238409591	-0.8291351719015434
0.40833333333333316	0.18773704171934247	1.3415953852035922	0.043740670068911275	1.342308244710451	-0.8017914238176522
0.40833333333333316	0.20651074589127671	1.3312031679661542	0.052677623854972544	1.3322450249327753	-0.7748768064581311
0.40833333333333316	0.22528445006321096	1.3209002979789564	0.06115190904797868	1.3223150733395985	-0.7485171531811079
0.40833333333333316	0.2440581542351452	1.3107374992367062	0.06915494981047643	1.3125605505989368	-0.7228151989885843
0.40833333333333316	0.26283185840707946	1.3007578436517966	0.07668628497659226	1.3030164059309395	-0.697851754125183
0.40833333333333316	0.2816055625790137	1.2909969369082843	0.08375232532224712	1.2937107648556752	-0.6736875431034559
0.42666666666666647	-0.2816055625790139	0.8863495449373613	0.1126422002598949	0.8934784726506049	0.20169621890994227
0.42666666666666647	-0.2628318584070797	0.8891752509112079	0.10871850528785555	0.8957970418711121	0.19754765977496502
0.42666666666666647	-0.24405815423514543	0.8925999051707599	0.10461853828457213	0.8987099806186922	0.1923203707363499
0.42666666666666647	-0.22528445006321118	0.896703019599095	0.100340344420691	0.9022995567307999	0.18585550992340205
0.42666666666666647	-0.20651074589127694	0.9015739792962458	0.09588023449521484	0.9066579616983048	0.17797134048907526
0.42666666666666647	-0.1877370417193427	0.9073138381608	0.09123048934376785	0.9118889203757142	0.16845859689601428
0.42666666666666647	-0.16896333754740844	0.9140378510622044	0.08637542562109315	0.9181099647240724	0.15707409267436256
0.42666666666666647	-0.1501896333754742	0.921878833974476	0.08128452522629104	0.9254554330552083	0.14353224142859689
0.42666666666666647	-0.13141592920353995	0.9309887755664238	0.0758993515653957	0.9340775191592594	0.12749918820128336
0.42666666666666647	-0.11264222503160569	0.941508228082629	0.07010024796134764	0.9441142877382664	0.10864821168846583
0.42666666666666647	-0.09386852085967143	0.9532079825547001	0.06355481008577368	0.9553243804546392	0.08735532810895985
0.42666666666666647	-0.07509481668773717	-0.11412349784283782	-6.988432421660695E-4	0.11412563753058	0.9869753388582386
0.42666666666666647	-0.05632111251580291	-0.11201241397269412	0.0015709304789568446	0.1120234292751294	0.9874507512934401
0.42666666666666647	-0.037547408343868646	-0.11302353644017349	0.004203324479287535	0.11310166986442509	0.9872080122738786
0.42666666666666647	-0.018773704171934386	-0.11430938401224955	0.007164323293714414	0.11453367540386011	0.9868820371984832
0.42666666666666647	-1.249000902703301E-16	-0.11546027643202605	0.010289362089973303	0.11591784334595968	0.9865630535940215
0.42666666666666647	0.018773704171934136	0.051748550454294384	0.008886901302056882	0.05250609001699852	0.9972431105111268
0.42666666666666647	0.037547408343868396	0.0509513515411798	0.007414762103257477	0.05148804638865985	0.9973489810790792
0.42666666666666647	0.05632111251580266	0.05026737765036238	0.005987741439150818	0.050622744921490326	0.9974373376966137
0.42666666666666647	0.07509481668773692	0.04911108437488365	0.00447842124868611	0.04931485440876435	0.9975680451346424
0.42666666666666647	0.09386852085967118	1.3807182824271491	-0.01603197737525419	1.3808113555903057	-0.9066399997271375
0.42666666666666647	0.11264222503160544	1.3723339828959857	-0.005736621523741187	1.372345972937461	-0.8833334694376664
0.42666666666666647	0.1314159292035397	1.3626409122033993	0.004563510713398167	1.362648553824699	-0.8568110812405438
0.42666666666666647	0.15018963337547397	1.3526874401047437	0.014624412363744371	1.3527664928043233	-0.8299771840541093
0.42666666666666647	0.16896333754740822	1.3426583857860086	0.02437478907360352	1.3428796190514893	-0.8033256712638732
0.42666666666666647	0.18773704171934247	1.3326282836945436	0.033770285966337715	1.3330561033643382	-0.7770385747169133
0.42666666666666647	0.20651074589127671	1.322654452314237	0.04277677115962489	1.3233460062952231	-0.7512446523775167
0.42666666666666647	0.22528445006321096	1.3127861555699374	0.05136952758496488	1.3137908199635124	-0.7260463186203983
0.42666666666666647	0.2440581542351452	1.3030656461629655	0.059532929911659566	1.304424872483645	-0.7015242479539734
0.42666666666666647	0.26283185840707946	1.2935285310343774	0.06725965976500395	1.2952760024147973	-0.677739922431658
0.42666666666666647	0.2816055625790137	1.2842041512914388	0.07454962022958221	1.28636617962015	-0.65473794807054
0.4449999999999998	-0.2816055625790139	0.8898442100234383	0.11520587329023604	0.8972709241654958	0.19490488864719702
0.4449999999999998	-0.2628318584070797	0.8928075683427811	0.11183057139878186	0.8997841023209555	0.1903885692104722
0.4449999999999998	-0.24405815423514543	0.8963672175221978	0.10835225923586482	0.9028922420366692	0.18478559926999683
0.4449999999999998	-0.22528445006321118	0.9006028744862093	0.10477846633844028	0.9066774865083276	0.17793593545894149
0.4449999999999998	-0.20651074589127694	0.9056055173167101	0.10111687827895632	0.9112332171663561	0.1696540239326525
0.4449999999999998	-0.1877370417193427	0.9114802129296946	0.09737391421569708	0.9166667102780854	0.15972214226795256
0.4449999999999998	-0.16896333754740844	0.9183504731224827	0.09355222003778677	0.9231032495654461	0.14788039064171377
0.4449999999999998	-0.1501896333754742	0.9263654922212013	0.0896460833494547	0.9306929920430936	0.13381055456187407
0.4449999999999998	-0.13141592920353995	0.935714942720276	0.08563124799777577	0.9396250127916275	0.11710483533633387
0.4449999999999998	-0.11264222503160569	0.9466817987618421	0.08142724511457017	0.9501772594384194	0.09716317564609467
0.4449999999999998	-0.09386852085967143	0.9600246706341101	0.07662450320621399	0.9630777137478215	0.07248131728226925
0.4449999999999998	-0.07509481668773717	0.9794088153204991	0.06399985535827094	0.9814976357655596	0.036662390986616944
0.4449999999999998	-0.05632111251580291	-0.11352127276431068	7.384473771046562E-5	0.11352129678203254	0.9871129151769257
0.4449999999999998	-0.037547408343868646	-0.11583453814832323	0.002721422666196127	0.11586650236096468	0.9865749536306365
0.4449999999999998	-0.018773704171934386	-0.11738032209707949	0.005880679069309891	0.11752753890867598	0.9861872775980697
0.4449999999999998	-1.249000902703301E-16	-0.11866158598561416	0.00919624894363838	0.11901740621965626	0.9858348570167453
0.4449999999999998	0.018773704171934136	0.05313327692536829	0.00798680966430751	0.05373019863579279	0.9971130657545583
0.4449999999999998	0.037547408343868396	0.05227858243946104	0.006699775507380157	0.05270613981054594	0.9972220628262712
0.4449999999999998	0.05632111251580266	0.051686394454800944	0.005433403233321449	0.05197119627671799	0.9972989947575669
0.4449999999999998	0.07509481668773692	0.0519578943073854	0.0036395358652467624	0.052085209053740485	0.9972871309978282
0.4449999999999998	0.09386852085967118	1.3732476365598385	-0.02413164202468973	1.373459649011936	-0.8863914074639903
0.4449999999999998	0.11264222503160544	1.3625091657949957	-0.015092207369920452	1.3625927497233616	-0.8566590015986717
0.4449999999999998	0.1314159292035397	1.3527585784309937	-0.004994988294605235	1.3527678002623755	-0.8299807214267063
0.4449999999999998	0.15018963337547397	1.3430303666698413	0.004989214695654914	1.3430396338383346	-0.8037554580606079
0.4449999999999998	0.16896333754740822	1.3332972602995796	0.014730799055843985	1.3333786336833167	-0.7778985807631884
0.4449999999999998	0.18773704171934247	1.3236063524855277	0.024172350037247714	1.3238270577557956	-0.7525180788463666
0.4449999999999998	0.20651074589127671	1.3140040118106726	0.03327189013592627	1.314425183008816	-0.7277135617277595
0.4449999999999998	0.22528445006321096	1.3045300444506154	0.04199789111886576	1.3052059070249247	-0.7035624597327563
0.4449999999999998	0.2440581542351452	1.2952179270471267	0.050328460967804495	1.2961953681940248	-0.6801224325276436
0.4449999999999998	0.26283185840707946	1.286095440869228	0.058250487037703774	1.2874139203320523	-0.6574346022647437
0.4449999999999998	0.2816055625790137	1.277185237141375	0.06575853701754714	1.2788769742092312	-0.6355263151625585
0.4633333333333331	-0.2816055625790139	0.8928385778706183	0.1178742779341568	0.9005859601018256	0.18894492846747302
0.4633333333333331	-0.2628318584070797	0.8958726763801472	0.11504102735288985	0.9032288138998537	0.1841777097410635
0.4633333333333331	-0.24405815423514543	0.8994915905120053	0.11217707395124592	0.906459495687524	0.1783311826779196
0.4633333333333331	-0.22528445006321118	0.9037734541853423	0.10930014228412739	0.9103587081988261	0.17124702240656453
0.4633333333333331	-0.20651074589127694	0.9088082319996001	0.10643058616317765	0.9150190556601959	0.16274012777872326
0.4633333333333331	-0.1877370417193427	0.9147010257254776	0.10359122634496745	0.9205482652413697	0.15259089136110493
0.4633333333333331	-0.16896333754740844	0.9215771774898294	0.10080705037379753	0.9270741909228116	0.1405334445248142
0.4633333333333331	-0.1501896333754742	0.9295905063414603	0.09810509509923351	0.9347529722683968	0.12623688083539775
0.4633333333333331	-0.13141592920353995	0.9389372721397651	0.09551774288246326	0.9437832591324258	0.10927315978137642
0.4633333333333331	-0.11264222503160569	0.9498793030743793	0.0931198217827184	0.9544328114738689	0.0890580083820861
0.4633333333333331	-0.09386852085967143	0.9627176015567754	0.09139398760009912	0.9670460388816435	0.06482195868332274
0.4633333333333331	-0.07509481668773717	0.9753857573143936	0.09360285983013712	0.9798667618304814	0.03986112905984662
0.4633333333333331	-0.05632111251580291	-0.11742143282829054	-0.0030380753346198053	0.11746072871043994	0.9862029772108124
0.4633333333333331	-0.037547408343868646	-0.11907634518992705	9.922476406124814E-4	0.11908047925319651	0.9858198394608291
0.4633333333333331	-0.018773704171934386	-0.12067179812348261	0.00446249903640597	0.12075428257417815	0.9854184032399955
0.4633333333333331	-1.249000902703301E-16	-0.12206115779361237	0.007999707641288045	0.1223230213993393	0.9850370784357367
0.4633333333333331	0.018773704171934136	0.05432144657505855	0.007008930536065494	0.054771750613489906	0.9970000553347337
0.4633333333333331	0.037547408343868396	0.05339066527098979	0.005941464294008603	0.05372023953814665	0.9971141358639641
0.4633333333333331	0.05632111251580266	0.05266564235401838	0.005004674676756166	0.052902898343867126	0.9972012833468185
0.4633333333333331	0.07509481668773692	0.05195130067076681	0.004886451178082424	0.052180600288806556	0.9972771849534998
0.4633333333333331	0.09386852085967118	1.3613921763618344	-0.03606530821878215	1.361869804465951	-0.8546893643161275
0.4633333333333331	0.11264222503160544	1.3524154637849806	-0.0246368810310163	1.3526398495503822	-0.8296345625916806
0.4633333333333331	0.1314159292035397	1.3429122782283556	-0.014400123144018978	1.3429894826702982	-0.8036207505630351
0.4633333333333331	0.15018963337547397	1.3333818065435397	-0.004409181743125212	1.3333890965899478	-0.777926482904957
0.4633333333333331	0.16896333754740822	1.3238950920052601	0.0053748165861141894	1.323906002437088	-0.7527271032889506
0.4633333333333331	0.18773704171934247	1.3144988837653848	0.01490215860607913	1.314583352150621	-0.7281293897515635
0.4633333333333331	0.20651074589127671	1.305230165801621	0.024124734016388483	1.3054530970164682	-0.7042077885098883
0.4633333333333331	0.22528445006321096	1.2961187055953787	0.033004721911451346	1.2965388581383483	-0.6810130106626922
0.4633333333333331	0.2440581542351452	1.287188573987596	0.04151478933271752	1.287857873655925	-0.6585779027375604
0.4633333333333331	0.26283185840707946	1.2784591917972568	0.04963710168034835	1.2794224270951795	-0.63692174695412
0.4633333333333331	0.2816055625790137	1.269946053004595	0.057362060467621795	1.2712408833588702	-0.6160533835230406
0.4816666666666664	-0.2816055625790139	0.8953418396759725	0.12058673522860097	0.9034257969459625	0.18382182941255254
0.4816666666666664	-0.2628318584070797	0.898381556377164	0.11828117735500306	0.9061345693411885	0.17892014224485886
0.4816666666666664	-0.24405815423514543	0.9019855611532551	0.11601467700402526	0.9094159432346131	0.172962642190699
0.4816666666666664	-0.22528445006321118	0.9062283339367037	0.11381517180953833	0.9133475168651461	0.16579631343627155
0.4816666666666664	-0.20651074589127694	0.911195778558632	0.11171583520789041	0.9180186134819207	0.15724182530073183
0.4816666666666664	-0.1877370417193427	0.9169883572894836	0.1097561957375866	0.9235334698359627	0.14708593009274695
0.4816666666666664	-0.16896333754740844	0.9237257600671334	0.1079839262428519	0.930016025742796	0.1350701918615751
0.4816666666666664	-0.1501896333754742	0.9315538502952052	0.10645781963632717	0.9376171091450616	0.12087415663845769
0.4816666666666664	-0.13141592920353995	0.9406531807659629	0.10525183965698254	0.9465232993626214	0.10409364376369745
0.4816666666666664	-0.11264222503160569	0.9512315055559369	0.10444720752304605	0.9569485860387572	0.08424940367842326
0.4816666666666664	-0.09386852085967143	0.9633429084146831	0.10394600262363564	0.9689346369359976	0.06116566934570655
0.4816666666666664	-0.07509481668773717	0.9753767334026969	0.10197592430311059	0.9806930514696173	0.03824113879921065
0.4816666666666664	-0.05632111251580291	-0.12109057148334457	-0.0033415809047097345	0.1211366693660747	0.9853259073348943
0.4816666666666664	-0.037547408343868646	-0.12244130809085285	-6.075149799082136E-4	0.12244281523000833	0.98500775699855
0.4816666666666664	-0.018773704171934386	-0.12417192386566933	0.0029400780166083107	0.12420672580518868	0.9845726892647547
0.4816666666666664	-1.249000902703301E-16	-0.12568019170136857	0.006703613906999167	0.125858845638703	0.9841595509744931
0.4816666666666664	0.018773704171934136	0.055293079749618834	0.0059530635367602	0.055612621172449805	0.9969072363663296
0.4816666666666664	0.037547408343868396	0.05429792299779057	0.005103067140047379	0.05453719589518538	0.9970256942638902
0.4816666666666664	0.05632111251580266	0.053501283106567654	0.004231372837645353	0.0536683501715887	0.9971197081898597
0.4816666666666664	0.07509481668773692	0.052325459365448745	0.0028057604271481684	0.052400629665871175	0.9972541740106202
0.4816666666666664	0.09386852085967118	1.3510762869753579	-0.04291680839635498	1.3517577392676725	-0.8272489856700489
0.4816666666666664	0.11264222503160544	1.3424568152855383	-0.03364526313032695	1.3428783655408627	-0.8033223046376989
0.4816666666666664	0.1314159292035397	1.3330792852548006	-0.023637636869779183	1.3332888354187316	-0.7776591186522375
0.4816666666666664	0.15018963337547397	1.3236892505124638	-0.01361519068594802	1.3237592701619365	-0.7523386053396628
0.4816666666666664	0.16896333754740822	1.3144051751876857	-0.0037352917610616043	1.3144104826745375	-0.7276749169647108
0.4816666666666664	0.18773704171934247	1.3052687323666654	0.00592430176503872	1.3052821767899403	-0.703761561045485
0.4816666666666664	0.20651074589127671	1.2963054804845495	0.015305928954041703	1.296395838544472	-0.6806421701954248
0.4816666666666664	0.22528445006321096	1.2875337313770612	0.024365802580213425	1.2877642648284338	-0.6583368017691165
0.4816666666666664	0.2440581542351452	1.2789671743949416	0.03307217476297747	1.279394701381608	-0.6368508019233341
0.4816666666666664	0.26283185840707946	1.270616198669397	0.041403720595156374	1.2712906010822977	-0.6161797924001899
0.4816666666666664	0.2816055625790137	1.2624886610166848	0.04934794221127656	1.2634527449003343	-0.5963128385961893
0.4999999999999997	-0.2816055625790139	0.8973703617580295	0.12328492754577586	0.9057995029374348	0.17952726047829604
0.4999999999999997	-0.2628318584070797	0.9003537324338305	0.12148477010573278	0.9085127367710221	0.17460460712482762
0.4999999999999997	-0.24405815423514543	0.9038721290555398	0.11978919552522525	0.9117753435183334	0.1686657229520251
0.4999999999999997	-0.22528445006321118	0.9079943623319011	0.1182356474904079	0.9156601063516919	0.16156656963600824
0.4999999999999997	-0.20651074589127694	0.9127993725187153	0.11686909841941674	0.9202505531842553	0.1531389193640721
0.4999999999999997	-0.1877370417193427	0.9183786605022802	0.11574416275150295	0.9256436005704404	0.14318392472299102
0.4999999999999997	-0.16896333754740844	0.9248397147580327	0.11492845466616569	0.9319533505952281	0.1314629523143278
0.4999999999999997	-0.1501896333754742	0.9323111755383556	0.11450805369433961	0.9393168913601928	0.1176837776054237
0.4999999999999997	-0.13141592920353995	0.9409526865112801	0.1145957226422111	0.9479051312766936	0.10147586209931425
0.4999999999999997	-0.11264222503160569	0.9509908639473468	0.11533804604605456	0.9579595441233637	0.08231351182295721
0.4999999999999997	-0.09386852085967143	0.9629860385210872	0.1169058220737302	0.9700562260102615	0.058990918378728385
0.4999999999999997	-0.07509481668773717	0.9816085774332859	0.1197760110341137	0.9888891202302932	0.022098307890156765
0.4999999999999997	-0.05632111251580291	-0.12213834068009466	-0.006496959139613762	0.12231101643821245	0.9850400152578513
0.4999999999999997	-0.037547408343868646	-0.12586606125426858	-0.002698248891556121	0.12589497973606445	0.9841504540772559
0.4999999999999997	-0.018773704171934386	-0.12791545445146868	0.0012559657066641139	0.1279216202890742	0.983636059062618
0.4999999999999997	-1.249000902703301E-16	-0.1295470238006038	0.005307576599816177	0.12965570463715478	0.9831893982550429
0.4999999999999997	0.018773704171934136	0.05602382439909259	0.0048287904433120254	0.056231540237181694	0.9968380138825542
0.4999999999999997	0.037547408343868396	0.05498473848122243	0.004246517983355458	0.05514847577976552	0.9969586456191686
0.4999999999999997	0.05632111251580266	0.0543161828141302	0.0037244196199135993	0.0544437233940076	0.9970358809829968
0.4999999999999997	0.07509481668773692	0.055205817388834566	0.0032703041309249115	0.05530259634662819	0.9969416228373219
0.4999999999999997	0.09386852085967118	1.343925410803355	-0.05313401893690042	1.3449753654886594	-0.8089587337713529
0.4999999999999997	0.11264222503160544	1.3328075454539563	-0.043016216901240245	1.3335015366078489	-0.7782263481354941
0.4999999999999997	0.1314159292035397	1.3232127626002963	-0.03284129546739423	1.3236202498436946	-0.7519705657962845
0.4999999999999997	0.15018963337547397	1.3138891587484685	-0.02267884158838049	1.3140848721953042	-0.726819051332549
0.4999999999999997	0.16896333754740822	1.3047725542016315	-0.01263271469422067	1.3048337072893217	-0.7025910036783953
0.4999999999999997	0.18773704171934247	1.2958723792860591	-0.002786357208113266	1.2958753748655782	-0.6792929871830029
0.4999999999999997	0.20651074589127671	1.2871974787657119	0.006795829646121299	1.287215418118267	-0.6569235326413847
0.4999999999999997	0.22528445006321096	1.2787525790894791	0.01606561305414425	1.278853495303821	-0.6354662624508003
0.4999999999999997	0.2440581542351452	1.2705398029977837	0.024988376328801437	1.2707855090270728	-0.6148958099531965
0.4999999999999997	0.26283185840707946	1.2625598091269505	0.03354083892917453	1.263005249196833	-0.5951822594987546
0.4999999999999997	0.2816055625790137	1.2548123995988116	0.04170904786243576	1.2555053973840649	-0.5762938028605187
0.5183333333333331	-0.2816055625790139	0.8989474020388212	0.12591404590163563	0.9077228534016675	0.17603922141233486
0.5183333333333331	-0.2628318584070797	0.9018169735280144	0.12458956911038825	0.9103825649002399	0.1712035855256604
0.5183333333333331	-0.24405815423514543	0.9051844126751797	0.12342942421908219	0.9135609687991076	0.16540635628683586
0.5183333333333331	-0.22528445006321118	0.9091111954551528	0.12247926087603296	0.9173245527329117	0.15851566495336356
0.5183333333333331	-0.20651074589127694	0.9136670294919352	0.12179391555520662	0.9217489889589713	0.1503788013531142
0.5183333333333331	-0.1877370417193427	0.9189312790276554	0.12144002446924358	0.9269209109295642	0.14081762488150695
0.5183333333333331	-0.16896333754740844	0.9249945826280417	0.121500100171639	0.9329401118147634	0.12962274776705673
0.5183333333333331	-0.1501896333754742	0.9319605705201234	0.12207943701983442	0.9399222808015957	0.1165461060527263
0.5183333333333331	-0.13141592920353995	0.939947497718151	0.12331993086486066	0.9480026918817939	0.10129089618487264
0.5183333333333331	-0.11264222503160569	0.9490862118348218	0.12544052201561917	0.9573400451555985	0.08350003794147676
0.5183333333333331	-0.09386852085967143	0.9594382076255037	0.1289290541029474	0.9680621752984258	0.06285562475647999
0.5183333333333331	-0.07509481668773717	0.9697080618926925	0.13529736265654507	0.9791011702788934	0.04136089835850132
0.5183333333333331	-0.05632111251580291	-0.12867221795259587	-0.010057390860668092	0.12906467674683333	0.9833423092162354
0.5183333333333331	-0.037547408343868646	-0.13007398048352248	-0.004866834036186124	0.1301649971089139	0.9830570735276364
0.5183333333333331	-0.018773704171934386	-0.13198872373533344	-5.253417513467196E-4	0.13198976921427613	0.9825787008227621
0.5183333333333331	-1.249000902703301E-16	-0.1336916468456133	0.0038254474168341046	0.13374636624682984	0.9821119095157689
0.5183333333333331	0.018773704171934136	0.056485512790029446	0.003639345064564009	0.056602632338536574	0.9967961420123485
0.5183333333333331	0.037547408343868396	0.05537732706787146	0.0033388588817397924	0.05547789047732603	0.9969222036681858
0.5183333333333331	0.05632111251580266	0.05447000130632196	0.0031400054101458075	0.054560431415875556	0.9970231593237135
0.5183333333333331	0.07509481668773692	0.0530146371781105	0.003663868500278278	0.053141092268733314	0.997176024312486
0.5183333333333331	0.09386852085967118	1.3315826252027056	-0.06334288247478564	1.3330883723526898	-0.7771246085019439
0.5183333333333331	0.11264222503160544	1.3226169802404961	-0.052488312204969245	1.3236580749342388	-0.752070699338615
0.5183333333333331	0.1314159292035397	1.3131461067897148	-0.04203094856785464	1.3138185941805278	-0.7261192984144984
0.5183333333333331	0.15018963337547397	1.3038950770953173	-0.031628108008585926	1.304278616435003	-0.7011427092896059
0.5183333333333331	0.16896333754740822	1.2949327775564148	-0.021336684483416135	1.2951085485374252	-0.6773061524947162
0.5183333333333331	0.18773704171934247	1.2862605289953786	-0.01124259100141986	1.2863096611251492	-0.6545925443038962
0.5183333333333331	0.20651074589127671	1.2778697537380053	-0.0014142430644616122	1.2778705363227825	-0.6329531076018757
0.5183333333333331	0.22528445006321096	1.2697498517970254	0.008098107589619014	1.2697756752612255	-0.612330265485101
0.5183333333333331	0.2440581542351452	1.2618903170756848	0.017259151473882406	1.2620083401622078	-0.5926650506389706
0.5183333333333331	0.26283185840707946	1.254281533073569	0.026045566786901925	1.2545519262902727	-0.5739005357586338
0.5183333333333331	0.2816055625790137	1.246915005481248	0.034443604784438864	1.247390633604745	-0.555983392804847
0.5366666666666664	-0.2816055625790139	0.9001025113290352	0.12842386520594118	0.9092179167038393	0.17332277994473033
0.5366666666666664	-0.2628318584070797	0.9028065159539256	0.1275387927804667	0.9117706668415938	0.16867425108723533
0.5366666666666664	-0.24405815423514543	0.9059645577498466	0.1268708129995268	0.9148048879898031	0.16313201690996382
0.5366666666666664	-0.22528445006321118	0.9096296362038766	0.1264721311727567	0.918379700899239	0.15657872497622427
0.5366666666666664	-0.20651074589127694	0.9138608631980865	0.12640504603514263	0.922561603877106	0.14888008705170186
0.5366666666666664	-0.1877370417193427	0.9187239079249325	0.1267445096902034	0.9274253553410484	0.13988221027053005
0.5366666666666664	-0.16896333754740844	0.924290902076608	0.12758180927662685	0.9330545480945298	0.12940921028011276
0.5366666666666664	-0.1501896333754742	0.9306388213564821	0.12903010023014494	0.9395410489069562	0.1172626174188165
0.5366666666666664	-0.13141592920353995	0.9378432887327323	0.1312328010236197	0.9469805078698991	0.10322791771446804
0.5366666666666664	-0.11264222503160569	0.9459558530329965	0.13437119632077685	0.9554517749672459	0.08711190571193939
0.5366666666666664	-0.09386852085967143	0.9549184710481069	0.13859814562541226	0.9649242106609499	0.06892126768034279
0.5366666666666664	-0.07509481668773717	0.9642931511990742	0.14318257753866265	0.9748653917131614	0.04963746803994429
0.5366666666666664	-0.05632111251580291	-0.13251066062029415	-0.009423853129983312	0.13284533934557988	0.9823521158141577
0.5366666666666664	-0.037547408343868646	-0.1341845560674908	-0.006739566572519756	0.13435370052445525	0.981949083155385
0.5366666666666664	-0.018773704171934386	-0.13631624255201258	-0.0023750725467179823	0.13633693172835193	0.9814122410468987
0.5366666666666664	-1.249000902703301E-16	-0.1381263342753727	0.0022645988637794434	0.1381448972215978	0.9809159873716342
0.5366666666666664	0.018773704171934136	0.05666194100182542	0.00239179406500159	0.05671239932275588	0.9967837037630563
0.5366666666666664	0.037547408343868396	0.055527424154191096	0.0023784193675485954	0.05557833851319572	0.9969110482881126
0.5366666666666664	0.05632111251580266	0.054729269736596975	0.0022460252055776786	0.05477533747157821	0.9969996624048747
0.5366666666666664	0.07509481668773692	0.05379084996504946	7.011379212579216E-4	0.05379541926918208	0.9971060528656529
0.5366666666666664	0.09386852085967118	1.32236995430214	-0.07132135907979037	1.3242918984506522	-0.7537490323020326
0.5366666666666664	0.11264222503160544	1.3124536919766987	-0.06182764897227977	1.3139091870295703	-0.7263573517607063
0.5366666666666664	0.1314159292035397	1.302826446184136	-0.05120232095520347	1.3038322079730906	-0.6999784265479847
0.5366666666666664	0.15018963337547397	1.2936205395630833	-0.040470670426783095	1.294253443319459	-0.6750919755442761
0.5366666666666664	0.16896333754740822	1.284815387133146	-0.029849266556237042	1.285162074498015	-0.6516415577280414
0.5366666666666664	0.18773704171934247	1.2763800224280042	-0.01944255222180527	1.2765280938899113	-0.6295239744902101
0.5366666666666664	0.20651074589127671	1.2682837555210957	-0.009320663205541646	1.2683180040042346	-0.6086305592812855
0.5366666666666664	0.22528445006321096	1.2604989800736617	4.674678753415762E-4	1.260499066756083	-0.5888578972929559
0.5366666666666664	0.2440581542351452	1.25300188692621	0.009888660815877331	1.2530409068555481	-0.5701115142533746
0.5366666666666664	0.26283185840707946	1.2457724025378911	0.01892183836588729	1.245916094643686	-0.5523069148921744
0.5366666666666664	0.2816055625790137	1.238793801902525	0.02755530990565211	1.2391002294956244	-0.5353693787361089
0.5549999999999997	-0.2816055625790139	0.9008706828813554	0.13076963998037813	0.9103124112170048	0.1713313139842828
0.5549999999999997	-0.2628318584070797	0.9033639267513591	0.13028225667682447	0.9127101678848774	0.16696014943955895
0.5549999999999997	-0.24405815423514543	0.9062621262861312	0.13005693907579913	0.9155467486384438	0.1617741510575743
0.5549999999999997	-0.22528445006321118	0.9096092066751716	0.13015071581354207	0.9188732870722777	0.15567188230498763
0.5549999999999997	-0.20651074589127694	0.9134532081786768	0.1306309676833471	0.9227465595979238	0.14853878675019516
0.5549999999999997	-0.1877370417193427	0.9178460678540274	0.13157755943663832	0.9272292372560316	0.14024594157759795
0.5549999999999997	-0.16896333754740844	0.9228425940736777	0.1330854636529304	0.9323895077017706	0.13064980592764974
0.5549999999999997	-0.1501896333754742	0.9284977130885516	0.13526775583744718	0.9382991894806099	0.11959463102003054
0.5549999999999997	-0.13141592920353995	0.9348604167810778	0.13825803211403706	0.9450287203615224	0.10692071769186351
0.5549999999999997	-0.11264222503160569	0.9419654441609177	0.1422088302208535	0.9526396219904243	0.09247775061394148
0.5549999999999997	-0.09386852085967143	0.9498657991937168	0.14729287731163812	0.9612180960555516	0.0760597718153403
0.5549999999999997	-0.07509481668773717	0.9591402526726412	0.15412163357131387	0.9714440293869886	0.056296497768371645
0.5549999999999997	-0.05632111251580291	-0.1337859966923689	-0.01620390754321377	0.1347637174117706	0.9818387404693605
0.5549999999999997	-0.037547408343868646	-0.1385457516961599	-0.009432258137255983	0.1388664567367578	0.9807161071933782
0.5549999999999997	-0.018773704171934386	-0.14096758827068934	-0.0043904818540707324	0.14103594319805685	0.9801088627262344
0.5549999999999997	-1.249000902703301E-16	-0.14288103776722183	6.19686325919383E-4	0.14288238157512914	0.9795846250354192
0.5549999999999997	0.018773704171934136	0.056520443516295815	0.0010965846864897655	0.05653108024134537	0.9968042369667466
0.5549999999999997	0.037547408343868396	0.0553539837054603	0.0014472858760792573	0.05537290084934563	0.9969338418515286
0.5549999999999997	0.05632111251580266	0.054656123926575484	0.001954627957289845	0.054691063741059164	0.9970088875468714
0.5549999999999997	0.07509481668773692	0.05583489387643137	0.004175679331191812	0.05599081774781733	0.9968650283279307
0.5549999999999997	0.09386852085967118	1.3130885577184737	-0.08361368674329533	1.315748003616949	-0.731192809021987
0.5549999999999997	0.11264222503160544	1.3018913327938404	-0.07172113867101299	1.3038653934114475	-0.7000649641359886
0.5549999999999997	0.1314159292035397	1.29209899590265	-0.06041500093550339	1.2935106445447881	-0.6731697875506732
0.5549999999999997	0.15018963337547397	1.282962832519643	-0.04919757636561056	1.2839057719112705	-0.6484140311470754
0.5549999999999997	0.16896333754740822	1.2743455304413125	-0.038152493878078286	1.274916524226142	-0.625412143744867
0.5549999999999997	0.18773704171934247	1.266176660528438	-0.027367706702298655	1.266472394897374	-0.6039523270370899
0.5549999999999997	0.20651074589127671	1.2584013144307917	-0.016906390915144703	1.2585148764376686	-0.5838596942149201
0.5549999999999997	0.22528445006321096	1.2509743514154361	-0.006811389754692532	1.2509928948358027	-0.5649832229296616
0.5549999999999997	0.2440581542351452	1.2438587777668189	0.002889637405313561	1.243862134254395	-0.5471930090318984
0.5549999999999997	0.26283185840707946	1.2370244615280372	0.012180406576150327	1.2370844274838686	-0.530377880723091
0.5549999999999997	0.2816055625790137	1.230446944653454	0.021053246348210652	1.2306270445544494	-0.5144429227888188
0.573333333333333	-0.2816055625790139	0.9012913453421093	0.13291276094569326	0.9110389076273286	0.1700081087892038
0.573333333333333	-0.2628318584070797	0.9035357774536231	0.13277713913378483	0.9132396562870425	0.1659933301847245
0.573333333333333	-0.24405815423514543	0.9061322726716113	0.13294036132587234	0.9158323183020312	0.16125116475352708
0.573333333333333	-0.22528445006321118	0.9091155186490908	0.13346266864153503	0.9188597880903949	0.15569668983047458
0.573333333333333	-0.20651074589127694	0.912522628206401	0.1344145039218605	0.9223691266804616	0.1492351941467227
0.573333333333333	-0.1877370417193427	0.9163926511092626	0.13587813568787377	0.9264115493478452	0.14176164123492496
0.573333333333333	-0.16896333754740844	0.9207654368965535	0.13794926449176179	0.931041883782421	0.13316101064288077
0.573333333333333	-0.1501896333754742	0.9256793632243241	0.14073810099741735	0.9363169850919876	0.12331050342825067
0.573333333333333	-0.13141592920353995	0.9311671894770472	0.14436879112489798	0.942292249044556	0.1120853173905525
0.573333333333333	-0.11264222503160569	0.9372477077630115	0.14897638408259245	0.9490138190360262	0.09937277127865651
0.573333333333333	-0.09386852085967143	0.943886112588962	0.1547108579083599	0.9564812821446342	0.08514355690695663
0.573333333333333	-0.07509481668773717	0.9506202937767184	0.16174749395849616	0.9642827358933624	0.07015880525801177
0.573333333333333	-0.05632111251580291	-0.14340693885826394	-0.01761420521548243	0.14448463703131548	0.979124189661929
0.573333333333333	-0.037547408343868646	-0.1439138031362157	-0.011693041313023927	0.14438805334333424	0.9791520900517224
0.573333333333333	-0.018773704171934386	-0.14600235351610213	-0.006453368387109387	0.14614490478898196	0.9786416668042194
0.573333333333333	-1.249000902703301E-16	-0.14798542808112902	-0.0011010142284429147	0.14798952380721497	0.9780991008433138
0.573333333333333	0.018773704171934136	0.05603142865220112	-2.501505029968154E-4	0.056031987043838216	0.9968604164279191
0.573333333333333	0.037547408343868396	0.05481057096166142	4.421392189616624E-4	0.054812354229975074	0.9969956058237678
0.573333333333333	0.05632111251580266	0.05374598983381329	0.0011280477458034122	0.05375782654584515	0.9971100960850668
0.573333333333333	0.07509481668773692	0.05122061763387975	0.0021905060304849566	0.051267435936134975	0.9973716500125342
0.573333333333333	0.09386852085967118	1.3001459733586205	-0.09352707127393534	1.3035056060875667	-0.6991268651017146
0.573333333333333	0.11264222503160544	1.2904102862458193	-0.08153071010845364	1.2929833577969232	-0.6718059635398064
0.573333333333333	0.1314159292035397	1.2807862957294311	-0.06956631785067408	1.282674162797247	-0.6452530079076189
0.573333333333333	0.15018963337547397	1.2718157083521886	-0.05775672719342148	1.2731264805774305	-0.6208510355474746
0.573333333333333	0.16896333754740822	1.2634499715981928	-0.04620338610044189	1.2642945003513306	-0.5984405836186208
0.573333333333333	0.18773704171934247	1.255599498090377	-0.03498126049070174	1.256086696128227	-0.5777537881903252
0.573333333333333	0.20651074589127671	1.2481879047415922	-0.02414046762757019	1.2484213262038117	-0.5585558077204842
0.573333333333333	0.22528445006321096	1.24115383351377	-0.013712799580124446	1.2412295836460923	-0.5406508793182516
0.573333333333333	0.2440581542351452	1.2344483287157697	-0.003716829668546695	1.2344539242482653	-0.5238764910919418
0.573333333333333	0.26283185840707946	1.2280323397915553	0.005838534770588849	1.2280462190252408	-0.5080975160621897
0.573333333333333	0.2816055625790137	1.2218746886776688	0.014951558910977963	1.2219661631751586	-0.49320130394501827
0.5916666666666663	-0.2816055625790139	0.9014072960714302	0.13482116449108691	0.9114339580054825	0.16928814019446026
0.5916666666666663	-0.2628318584070797	0.9033722901025969	0.1349883841974367	0.9134020792583326	0.16569664160655462
0.5916666666666663	-0.24405815423514543	0.9056339842859962	0.13548292608977347	0.915712038118739	0.16147146324442507
0.5916666666666663	-0.22528445006321118	0.9082179352676327	0.13636684295045157	0.9183984613434819	0.15654426620192496
0.5916666666666663	-0.20651074589127694	0.9111507493001385	0.1377120681847494	0.9214989428501396	0.15083969832607524
0.5916666666666663	-0.1877370417193427	0.9144595989463129	0.13960167227416762	0.9250540443708116	0.1442750149932045
0.5916666666666663	-0.16896333754740844	0.9181714312846376	0.14213088213689362	0.9291070793424683	0.13676003511570833
0.5916666666666663	-0.1501896333754742	0.9223118504868497	0.1454073141959722	0.9337036128077063	0.1281975634298369
0.5916666666666663	-0.13141592920353995	0.9269039205022916	0.14954914575242323	0.9388907416935147	0.11848417516220178
0.5916666666666663	-0.11264222503160569	0.9319678775294151	0.15467702424864793	0.944716415956185	0.10751089342290032
0.5916666666666663	-0.09386852085967143	0.9375292500570218	0.1608742781967568	0.9512316374563081	0.09515837190219079
0.5916666666666663	-0.07509481668773717	0.943745906498583	0.1679152427871546	0.9585676109660191	0.08114813520689879
0.5916666666666663	-0.05632111251580291	0.9514147487793727	0.1724873920875885	0.9669239497623866	0.06505807537590569
0.5916666666666663	-0.037547408343868646	-0.14841745933871642	-0.01387770350042064	0.14906486135573713	0.9777796671089949
0.5916666666666663	-0.018773704171934386	-0.15129788957176182	-0.008676548577265325	0.15154647433735527	0.9770336661159174
0.5916666666666663	-1.249000902703301E-16	-0.15347119846067714	-0.0029127713053603843	0.153498837108409	0.9764381070063661
0.5916666666666663	0.018773704171934136	0.05516499991992907	-0.0016302287498795587	0.05518908281483493	0.9969541651380573
0.5916666666666663	0.037547408343868396	0.05398880400928885	-5.376539329272068E-4	0.0539914810882698	0.997084919969895
0.5916666666666663	0.05632111251580266	0.05344568641579017	2.8289085414504034E-4	0.05344643508869733	0.9971434785763097
0.5916666666666663	0.07509481668773692	0.053510274174462635	-0.0026081161917642925	0.053573796881459745	0.9971298482877041
0.5916666666666663	0.09386852085967118	1.2894678135905528	-0.10350388903432894	1.2936152045068237	-0.6734402973312312
0.5916666666666663	0.11264222503160544	1.2784173267046737	-0.0912982767138289	1.281673217536217	-0.6426862365496393
0.5916666666666663	0.1314159292035397	1.2688101842722117	-0.07856856840901594	1.271240458628786	-0.6160523036547261
0.5916666666666663	0.15018963337547397	1.2600911557461374	-0.0660667227629837	1.2618219100357535	-0.5921945326462772
0.5916666666666663	0.16896333754740822	1.2520656296499775	-0.05393453547365615	1.2532267452729988	-0.570577275067554
0.5916666666666663	0.18773704171934247	1.244606171779838	-0.04222836775929556	1.2453223509903282	-0.5508277578760781
0.5916666666666663	0.20651074589127671	1.2376163907948188	-0.0309785613372853	1.2380040395840886	-0.5326540020265216
0.5916666666666663	0.22528445006321096	1.2310215078615763	-0.020201051856047758	1.2311872462439983	-0.5158220353138798
0.5916666666666663	0.2440581542351452	1.2247629986279804	-0.009902022785822334	1.2248030261488796	-0.500142452863453
0.5916666666666663	0.26283185840707946	1.2187948188539781	-8.06826134413241E-5	1.2187948215245195	-0.4854608169749852
0.5916666666666663	0.2816055625790137	1.213080610596354	0.009268853381908693	1.213116020604723	-0.47165047944783844
0.6099999999999997	-0.2816055625790139	0.9012636491469483	0.136469525803239	0.9115372163256059	0.16909990325336555
0.6099999999999997	-0.2628318584070797	0.9029260654781218	0.13688881973506767	0.913243685271495	0.16598597131173853
0.6099999999999997	-0.24405815423514543	0.9048285486310507	0.13765570188782167	0.9152397471045509	0.1623362053199977
0.6099999999999997	-0.22528445006321118	0.9069877593322684	0.138832830600241	0.9175518243843472	0.15809864956895603
0.6099999999999997	-0.20651074589127694	0.9094202434311088	0.1404923976631431	0.9202082878150121	0.15321670703656387
0.6099999999999997	-0.1877370417193427	0.9121420439954583	0.14271722616597066	0.9232395762036641	0.14762868493127868
0.6099999999999997	-0.16896333754740844	0.9151682999865339	0.14560167752632586	0.9266784047331214	0.14126713420127734
0.6099999999999997	-0.1501896333754742	0.9185131054481828	0.14925207827728276	0.9305603192432786	0.1340574922498473
0.6099999999999997	-0.13141592920353995	0.9221905216693058	0.1537862979229902	0.9349254428485542	0.1259144163144349
0.6099999999999997	-0.11264222503160569	0.9262200212203403	0.159332890326764	0.9398247164494495	0.11672950235071178
0.6099999999999997	-0.09386852085967143	0.9306513736439203	0.16604149723652148	0.9453474271768351	0.1063182419301385
0.6099999999999997	-0.07509481668773717	0.9356682728816429	0.174253500539618	0.951755955761574	0.09416060067237275
0.6099999999999997	-0.05632111251580291	0.9407923243759408	0.1864140787487162	0.9590831071186783	0.08015959363958192
0.6099999999999997	-0.037547408343868646	-0.15423796609281903	-0.01796916173973301	0.15528116742888778	0.9758877590419217
0.6099999999999997	-0.018773704171934386	-0.15718210540684563	-0.011172003627974741	0.15757864044721356	0.9751689720748078
0.6099999999999997	-1.249000902703301E-16	-0.1594248670275109	-0.004811423040793711	0.15949745458287734	0.974560561981583
0.6099999999999997	0.018773704171934136	0.05385076249591125	-0.0030273439910487587	0.05393578990828985	0.9970909305669688
0.6099999999999997	0.037547408343868396	0.05265743751334517	-0.0014154487812486904	0.05267645793638929	0.9972251907792758
0.6099999999999997	0.05632111251580266	0.051982768388989964	5.377561896948713E-4	0.05198554982976451	0.997297502608897
0.6099999999999997	0.07509481668773692	0.051523798075484795	0.006412031859113293	0.05192124729516438	0.9973041840793144
0.6099999999999997	0.09386852085967118	1.2758778432439712	-0.11613499611378753	1.2811524531464775	-0.6413516082032373
0.6099999999999997	0.11264222503160544	1.2652722887267802	-0.10116429635398444	1.2693101195045684	-0.6111481794767017
0.6099999999999997	0.1314159292035397	1.2560156052754738	-0.08730969550708734	1.259046537513628	-0.5851981836250553
0.6099999999999997	0.15018963337547397	1.2477128959092494	-0.07401574098626734	1.2499063167021724	-0.5622658005319914
0.6099999999999997	0.16896333754740822	1.2401459833906185	-0.06125596227983343	1.241657904994251	-0.5417143530347126
0.6099999999999997	0.18773704171934247	1.2331682286590966	-0.049038144295891095	1.2341428684598061	-0.5231086197701984
0.6099999999999997	0.20651074589127671	1.226670774313276	-0.03736478055337361	1.2272397139027624	-0.5061173153801342
0.6099999999999997	0.22528445006321096	1.2205703173221056	-0.0262319459950158	1.2208521673480663	-0.4904800145184709
0.6099999999999997	0.2440581542351452	1.2148022867163548	-0.015630896676414346	1.2149028441575866	-0.47598892074219323
0.6099999999999997	0.26283185840707946	1.209316264236865	-0.005549396842453952	1.2093289969041188	-0.46247662275312207
0.6099999999999997	0.2816055625790137	1.2040727032827372	0.004027312244260867	1.204079438423608	-0.44980729403451125
0.628333333333333	-0.2816055625790139	0.900906838756285	0.13783928316613264	0.9113905859189002	0.16936719989840376
0.628333333333333	-0.2628318584070797	0.9022509359286857	0.13845908693171716	0.9128130532251135	0.1667723298618461
0.628333333333333	-0.24405815423514543	0.9037782727566105	0.13943873181546032	0.9144716104052799	0.16374167376277393
0.628333333333333	-0.22528445006321118	0.9054969029156535	0.14084040224392178	0.9163845590657178	0.16023933990592998
0.628333333333333	-0.20651074589127694	0.9074136898934767	0.1427354761912948	0.9185711843780265	0.15622697923034956
0.628333333333333	-0.1877370417193427	0.9095339645323501	0.14520561969503995	0.9210519554449439	0.15166329537104506
0.628333333333333	-0.16896333754740844	0.9118613019838894	0.1483438563242174	0.9238489777906852	0.146503066235106
0.628333333333333	-0.1501896333754742	0.914397683570902	0.15225559077893153	0.9269869948619953	0.14069511135672708
0.628333333333333	-0.13141592920353995	0.9171445074232293	0.15705982677787905	0.9304954791314654	0.1341781633159047
0.628333333333333	-0.11264222503160569	0.9201044287860619	0.16289197555718987	0.9344120908746041	0.12687404442735062
0.628333333333333	-0.09386852085967143	0.9232753322023916	0.16991292432898758	0.9387799214445656	0.11869225909253533
0.628333333333333	-0.07509481668773717	0.926552400414853	0.1783090198121159	0.9435536324241901	0.1097065427391164
0.628333333333333	-0.05632111251580291	0.9291312421407466	0.18785385806557667	0.947931398948325	0.10142606288787148
0.628333333333333	-0.037547408343868646	-0.1614617265144016	-0.020074850680609768	0.16270491313682017	0.9735271112411398
0.628333333333333	-0.018773704171934386	-0.16361839276884793	-0.013554934329450485	0.16417891063390785	0.9730452853030633
0.628333333333333	-1.249000902703301E-16	-0.16588659607494227	-0.006752683663613396	0.1660239786717325	0.9724360385060081
0.628333333333333	0.018773704171934136	0.05205044965429417	-0.004433892488766411	0.05223895779795144	0.9972710912881838
0.628333333333333	0.037547408343868396	0.050881408422583596	-0.002392867715582614	0.05093764363385922	0.99740535646103
0.628333333333333	0.05632111251580266	0.049793591785886715	-7.179415792427923E-4	0.04979876728444923	0.9975200827769493
0.628333333333333	0.07509481668773692	1.2678877025216149	-0.14022128513703458	1.275617981611666	-0.6272012350110205
0.628333333333333	0.09386852085967118	1.2601848237339843	-0.12573515464114438	1.2664419130311844	-0.6038751190820859
0.628333333333333	0.11264222503160544	1.2508995390779096	-0.11035312527686081	1.255757727081023	-0.576927469123697
0.628333333333333	0.1314159292035397	1.2423354459878282	-0.09554686145962238	1.2460042387939778	-0.55252656309256
0.628333333333333	0.15018963337547397	1.2346423021454647	-0.08145632951276804	1.2373264516144256	-0.5309767478647454
0.628333333333333	0.16896333754740822	1.2276700095887039	-0.06805936511650729	1.229555094179838	-0.5118057296235905
0.628333333333333	0.18773704171934247	1.2212761154125902	-0.05532769910183469	1.2225287335540092	-0.49457650436516953
0.628333333333333	0.20651074589127671	1.2153494232442645	-0.04323479489115631	1.2161181965867656	-0.4789434680694469
0.628333333333333	0.22528445006321096	1.2098042784420355	-0.03175517739827144	1.2102209647119198	-0.4646347834282498
0.628333333333333	0.2440581542351452	1.204574308359291	-0.020863923646247562	1.2047549824213972	-0.4514345676691811
0.628333333333333	0.26283185840707946	1.1996077851852835	-0.01053644827487496	1.1996540563926712	-0.4391698550193903
0.628333333333333	0.2816055625790137	1.1948642533881526	-7.484448725079418E-4	1.1948644877953962	-0.4277011441945546
0.6466666666666663	-0.2816055625790139	0.9003836888220426	0.13891853694588707	0.9110374015395716	0.17001085299602547
0.6466666666666663	-0.2628318584070797	0.9014009320727425	0.13968745673788818	0.9121601975045328	0.16796377408849172
0.6466666666666663	-0.24405815423514543	0.9025453880620284	0.1408207291729036	0.9134651910592028	0.1655813447231742
0.6466666666666663	-0.22528445006321118	0.9038168365276782	0.14237904418330483	0.9149626583710677	0.1628433337865488
0.6466666666666663	-0.20651074589127694	0.9052128017251921	0.14443191258230087	0.916662857205065	0.15972920622064657
0.6466666666666663	-0.1877370417193427	0.9067281536250795	0.14705881612095856	0.9185762025957583	0.1562177600247563
0.6466666666666663	-0.16896333754740844	0.9083548253035142	0.15035048472241713	0.9207137214728819	0.15228624309155647
0.6466666666666663	-0.1501896333754742	0.9100818077098574	0.1544103927553495	0.9230880056177218	0.14790853388469694
0.6466666666666663	-0.13141592920353995	0.9118956103802449	0.15935667869796294	0.9257149427747211	0.14305184472359478
0.6466666666666663	-0.11264222503160569	0.9137812292991114	0.16532438502830857	0.9286163294409504	0.1376717126956163
0.6466666666666663	-0.09386852085967143	0.9157248019500862	0.17246309142327698	0.9318237123028144	0.1317045691902019
0.6466666666666663	-0.07509481668773717	0.9177507735150616	0.1808926779205154	0.9354082762156583	0.12501135678725084
0.6466666666666663	-0.05632111251580291	0.920440846220176	0.1904116686703002	0.9399297606504019	0.1165320450436782
0.6466666666666663	-0.037547408343868646	-0.16591700034608037	-0.02255563386660528	0.16744314743507893	0.9719627923770344
0.6466666666666663	-0.018773704171934386	-0.17033869152590264	-0.01625079723441339	0.1711121218426989	0.9707206417584894
0.6466666666666663	-1.249000902703301E-16	-0.17291811857381534	-0.008773469700755099	0.17314054840417403	0.9700223504983019
0.6466666666666663	0.018773704171934136	0.04969475098934484	-0.00578829662773811	0.05003071710203317	0.9974969273462563
0.6466666666666663	0.037547408343868396	0.04874859993155545	-0.003103727725300376	0.04884730413318268	0.9976139408789203
0.6466666666666663	0.05632111251580266	0.04916545406223338	-8.878115483735016E-4	0.04917346929484442	0.997581969917509
0.6466666666666663	0.07509481668773692	1.2607456479300043	-0.14942604942811366	1.2695699008018972	-0.6118077330221392
0.6466666666666663	0.09386852085967118	1.2449030021803251	-0.13546089409923462	1.2522512282556366	-0.5681331386677506
0.6466666666666663	0.11264222503160544	1.2356160384989905	-0.11886410745531889	1.2413201322129148	-0.5408756706370883
0.6466666666666663	0.1314159292035397	1.227807235059053	-0.10309406603662563	1.2321278314019697	-0.5181389929153206
0.6466666666666663	0.15018963337547397	1.2208888630813841	-0.08823573589818406	1.2240731845300954	-0.4983551610856489
0.6466666666666663	0.16896333754740822	1.214647574864382	-0.07422861677314324	1.2169135625310363	-0.48087861867197845
0.6466666666666663	0.18773704171934247	1.2089423901264738	-0.06100825948488453	1.2104807765388454	-0.4652637103700863
0.6466666666666663	0.20651074589127671	1.2036671629142108	-0.04852003504693275	1.204644691549712	-0.45116883287890075
0.6466666666666663	0.22528445006321096	1.1987399192722854	-0.03671737230044819	1.1993021135166797	-0.43832555948557483
0.6466666666666663	0.2440581542351452	1.19409682587081	-0.025559352335268543	1.194370340408092	-0.4265205100465417
0.6466666666666663	0.26283185840707946	1.1896879994975387	-0.015009085002096023	1.1897826729201664	-0.4155828087810556
0.6466666666666663	0.2816055625790137	1.1854744248886315	-0.0050326911473405345	1.185485107475086	-0.40537494004521646
0.6649999999999996	-0.2816055625790139	0.8997405425964751	0.13970185097951368	0.9105216368428054	0.1709503488410984
0.6649999999999996	-0.2628318584070797	0.9004293291347667	0.14056957081928115	0.911335712570512	0.16946721899359707
0.6649999999999996	-0.24405815423514543	0.9011910482286214	0.14179875728721028	0.9122785720247948	0.16774780702440129
0.6649999999999996	-0.22528445006321118	0.902017611676152	0.14344760694366895	0.913352608641271	0.16578701228818526
0.6649999999999996	-0.20651074589127694	0.9028975992149402	0.14558266938655948	0.9145591223610527	0.1635816117061809
0.6649999999999996	-0.1877370417193427	0.9038157148110854	0.1482800363158324	0.915898365272751	0.16113018449070227
0.6649999999999996	-0.16896333754740844	0.904752288497312	0.151626750968693	0.9173698137340499	0.15843262484955456
0.6649999999999996	-0.1501896333754742	0.9056828947312732	0.15572256726712558	0.9189728090455577	0.15548897623491698
0.6649999999999996	-0.13141592920353995	0.9065781866958255	0.16068231069024408	0.9207077785928861	0.15229718643855306
0.6649999999999996	-0.11264222503160569	0.9074043486392214	0.16663940509205252	0.9225786379809597	0.14884865674119718
0.6649999999999996	-0.09386852085967143	0.9081268279527581	0.17375356344027465	0.924599716880625	0.14511536354426802
0.6649999999999996	-0.07509481668773717	0.9087267337025695	0.18225052890531543	0.9268222762924982	0.14100046816799205
0.6649999999999996	-0.05632111251580291	0.9091247522742683	0.19270837788974998	0.9293246656075843	0.13635566589335157
0.6649999999999996	-0.037547408343868646	-0.1750313695112864	-0.028669099387003794	0.17736374368133523	0.9685421024273416
0.6649999999999996	-0.018773704171934386	-0.17819421339573815	-0.01932691281640203	0.17923924583287745	0.9678732927532613
0.6649999999999996	-1.249000902703301E-16	-0.18070769137280696	-0.010838196800480732	0.18103241762506406	0.9672272637688244
0.6649999999999996	0.018773704171934136	0.046642585616572085	-0.007064462256362342	0.047174542074839745	0.9977745625800292
0.6649999999999996	0.037547408343868396	0.045723436996213285	-0.003595436332519436	0.0458645816853036	0.9978964401468321
0.6649999999999996	0.05632111251580266	0.04517079887484854	4.321671722039844E-4	0.04517286618598325	0.9979594121605433
0.6649999999999996	0.07509481668773692	1.2337598812162824	-0.16694273898040335	1.245003342403985	-0.5500333225970944
0.6649999999999996	0.09386852085967118	1.2267466971545824	-0.14485536288718287	1.2352694180367512	-0.5258905351368539
0.6649999999999996	0.11264222503160544	1.219156918344523	-0.12648724606423517	1.2257008668366962	-0.5023426149642285
0.6649999999999996	0.1314159292035397	1.2124589241399286	-0.10976173714345566	1.2174170533006765	-0.48210428166730224
0.6649999999999996	0.15018963337547397	1.2064982776918336	-0.09420445343844047	1.2101704727520812	-0.4645125731209958
0.6649999999999996	0.16896333754740822	1.201118972641276	-0.07964928002487182	1.2037569498230591	-0.44903079424731485
0.6649999999999996	0.18773704171934247	1.1962023102341601	-0.06599186835076315	1.1980212409210307	-0.4352548936979663
0.6649999999999996	0.20651074589127671	1.19165582642053	-0.05315235311977509	1.1928406353256773	-0.4228687812841654
0.6649999999999996	0.22528445006321096	1.1874067226470044	-0.04106542249506495	1.188116616293198	-0.4116210939119982
0.6649999999999996	0.2440581542351452	1.1833976064588654	-0.029675664096791843	1.1837696313101453	-0.4013105400121575
0.6649999999999996	0.26283185840707946	1.179583326248697	-0.01893481721356083	1.1797352884723127	-0.3917753508668509
0.6649999999999996	0.2816055625790137	1.1759285003566071	-0.008800019803902132	1.1759614272158283	-0.3828852782994878
0.6833333333333329	-0.2816055625790139	0.8990224426621094	0.14018996688519447	0.9098871244420473	0.17210542077458224
0.6833333333333329	-0.2628318584070797	0.8993877420773919	0.14110811059961603	0.9103899216687664	0.17119019052393736
0.6833333333333329	-0.24405815423514543	0.8997743534158125	0.14237787214784453	0.9109694536822799	0.1701346544578085
0.6833333333333329	-0.22528445006321118	0.9001668368425267	0.14405397547151155	0.9116204703714299	0.16894811799977294
0.6833333333333329	-0.20651074589127694	0.9005453543709935	0.14619888387655863	0.9123354914317044	0.16764395107407037
0.6833333333333329	-0.1877370417193427	0.9008849303077479	0.14888397362604394	0.9131046463895999	0.1662399047417238
0.6833333333333329	-0.16896333754740844	0.9011546683687711	0.15219096055238254	0.9139156551874394	0.16475817520331326
0.6833333333333329	-0.1501896333754742	0.9013169160840837	0.15621369569762217	0.9147540117118003	0.16322509805716756
0.6833333333333329	-0.13141592920353995	0.9013262837181565	0.16106054870416853	0.9156033912508573	0.16167042992992953
0.6833333333333329	-0.11264222503160569	0.9011280839581616	0.16685792271164357	0.9164460650086029	0.16012660993024752
0.6833333333333329	-0.09386852085967143	0.9006536721457228	0.17375655653190314	0.9172613466659322	0.1586316219126006
0.6833333333333329	-0.07509481668773717	0.8997964819686117	0.18194177546052495	0.9180068183956034	0.15726348137918167
0.6833333333333329	-0.05632111251580291	0.8983012514338721	0.19159147769843732	0.918505543072186	0.15634756734566868
0.6833333333333329	-0.037547408343868646	0.8956555938013393	0.20245358601887037	0.9182518157888553	0.1568136028004702
0.6833333333333329	-0.018773704171934386	-0.18690207776401402	-0.022015395940209653	0.1881942197064239	0.9645829356690903
0.6833333333333329	-1.249000902703301E-16	-0.18930915688638605	-0.012826848602355723	0.18974320785235524	0.963997515073898
0.6833333333333329	0.018773704171934136	0.04285129264274312	-0.008217857109037274	0.04363217226564093	0.9980962335433814
0.6833333333333329	0.037547408343868396	0.04220623771627097	-0.004162329719885227	0.04241098313950543	0.9982013085091406
0.6833333333333329	0.05632111251580266	0.04160447226559261	-0.0013903993709628026	0.041627698986483004	0.9982671346770907
0.6833333333333329	0.07509481668773692	1.2133392151420788	-0.17065758750394866	1.2252820341351063	-0.5013160631742637
0.6833333333333329	0.09386852085967118	1.207692578058687	-0.15147209638807352	1.2171545337722056	-0.4814651590822352
0.6833333333333329	0.11264222503160544	1.2018043724534517	-0.13272374414488997	1.2091109717094097	-0.46194934190807313
0.6833333333333329	0.1314159292035397	1.1964154318431108	-0.11534209690271391	1.2019624307232952	-0.4447136848702522
0.6833333333333329	0.15018963337547397	1.1915589876366974	-0.09922455529788032	1.1956832077903634	-0.42965833339185333
0.6833333333333329	0.16896333754740822	1.1871531198198015	-0.08421723042368995	1.1901365769516223	-0.4164250717981248
0.6833333333333329	0.18773704171934247	1.1831122186391194	-0.07019766412155165	1.1851929100114047	-0.40468223394130165
0.6833333333333329	0.20651074589127671	1.179363263923367	-0.057068473027830746	1.180743206165382	-0.39415451890570563
0.6833333333333329	0.22528445006321096	1.1758465483968754	-0.04474971019866536	1.176697770007112	-0.38461764193971004
0.6833333333333329	0.2440581542351452	1.172514088402454	-0.03317397394324287	1.1729832906096425	-0.37588980004942485
0.6833333333333329	0.26283185840707946	1.1693277936687614	-0.0222832465380971	1.1695400942774605	-0.36782403212253123
0.6833333333333329	0.2816055625790137	1.1662577709471889	-0.012026763128380052	1.1663197809031842	-0.36030183132605176
0.7016666666666662	-0.2816055625790139	0.8982723577426294	0.1403894301050373	0.9091767819130224	0.17339757923028043
0.7016666666666662	-0.2628318584070797	0.8983252563357969	0.14131237918893763	0.9093720111608963	0.17304254531718677
0.7016666666666662	-0.24405815423514543	0.898351377361259	0.14257068155290595	0.9095941932781516	0.17263840355466853
0.7016666666666662	-0.22528445006321118	0.8983285837862727	0.1442146517912755	0.9098308140740943	0.17220788976127088
0.7016666666666662	-0.20651074589127694	0.8982293275104423	0.14630155783395643	0.9100659704793405	0.17177992937549624
0.7016666666666662	-0.1877370417193427	0.8980196995830432	0.1488967170187038	0.9102799641748505	0.17139038682183294
0.7016666666666662	-0.16896333754740844	0.8976583637650726	0.15207483558549562	0.9104489517022593	0.17108270634425715
0.7016666666666662	-0.1501896333754742	0.8970953312098682	0.15592165563055854	0.9105446699493208	0.17090840402688245
0.7016666666666662	-0.13141592920353995	0.8962704371849287	0.16053595165553478	0.9105341774725491	0.17092751165438858
0.7016666666666662	-0.11264222503160569	0.8951110929062759	0.16603171780083364	0.9103792616046146	0.17120960004023678
0.7016666666666662	-0.09386852085967143	0.8935281951105984	0.17253905942739106	0.9100342644569447	0.1718376375143077
0.7016666666666662	-0.07509481668773717	0.8914097964513608	0.18019494460813862	0.9094402912076123	0.17291835672821343
0.7016666666666662	-0.05632111251580291	0.8886347995046746	0.18908975680498255	0.9085299901595327	0.17457325698071935
0.7016666666666662	-0.037547408343868646	0.8852687536479751	0.19916174121351132	0.9073952641206791	0.17663383465136306
0.7016666666666662	-0.018773704171934386	-0.19610834983638536	-0.024976698689472693	0.19769248936915843	0.9609176796470251
0.7016666666666662	-1.249000902703301E-16	-0.19880360292110155	-0.014795543255772065	0.19935340637833215	0.9602582193653556
0.7016666666666662	0.018773704171934136	0.038164199349063344	-0.009117157400033465	0.039238102286069235	0.998460371328988
0.7016666666666662	0.037547408343868396	0.03806389536585131	-0.0038793144487320463	0.0382610665169519	0.9985360907889854
0.7016666666666662	0.05632111251580266	0.041082526419212284	0.0013275598086165685	0.04110397051418183	0.9983104636079693
0.7016666666666662	0.07509481668773692	1.195008962569767	-0.1783450232536729	1.2082439190583265	-0.45985336794142384
0.7016666666666662	0.09386852085967118	1.1885046793249525	-0.15696058755453335	1.1988244236846246	-0.43717999882277225
0.7016666666666662	0.11264222503160544	1.1839036951148794	-0.13758671959915703	1.1918716645330243	-0.42055806471672197
0.7016666666666662	0.1314159292035397	1.179854622424815	-0.11972011046662123	1.1859130806713207	-0.4063898349073425
0.7016666666666662	0.15018963337547397	1.1761908877956722	-0.10319141145461164	1.1807088853445487	-0.3940734719315666
0.7016666666666662	0.16896333754740822	1.1728413945991885	-0.08784702199270267	1.17612670922752	-0.38327403615835554
0.7016666666666662	0.18773704171934247	1.169745815565451	-0.0735570000643258	1.1720562722375343	-0.373715905291345
0.7016666666666662	0.20651074589127671	1.1668510517667563	-0.060213644673656475	1.1684036374532865	-0.36516706001407084
0.7016666666666662	0.22528445006321096	1.1641121930349043	-0.04772685234885507	1.1650901469018025	-0.35743505040766355
0.7016666666666662	0.2440581542351452	1.1614924487512068	-0.03602014455315905	1.1620508419685023	-0.35036215931970505
0.7016666666666662	0.26283185840707946	1.158962416311209	-0.02502772194914002	1.1592326208694612	-0.34382026928788
0.7016666666666662	0.2816055625790137	1.156499106631376	-0.014692304806605383	1.1565924292764935	-0.3377060474597007
0.7199999999999995	-0.2816055625790139	0.8975304620148634	0.14031212225727802	0.9084318476897183	0.17475157810304442
0.7199999999999995	-0.2628318584070797	0.8972876002692395	0.1411977774870552	0.9083291528758803	0.1749381500357856
0.7199999999999995	-0.24405815423514543	0.8969742106476438	0.14239677872314932	0.9082067920675848	0.17516042284230682
0.7199999999999995	-0.22528445006321118	0.8965622636872675	0.14395417182266845	0.9080455364425222	0.17545330374681212
0.7199999999999995	-0.20651074589127694	0.8960174056951288	0.145920992731462	0.9078216385548233	0.1758598725716357
0.7199999999999995	-0.1877370417193427	0.8952978062811344	0.14835523290980843	0.9075061636504378	0.1764325629364648
0.7199999999999995	-0.16896333754740844	0.8943528401754357	0.15132302755934135	0.9070643094067772	0.17723433860040638
0.7199999999999995	-0.1501896333754742	0.8931215801663904	0.15490009742490018	0.9064547408123329	0.17833980285884643
0.7199999999999995	-0.13141592920353995	0.8915310675676594	0.15917340807515798	0.9056289628079434	0.17983618172340876
0.7199999999999995	-0.11264222503160569	0.8894943858269465	0.16424280390550194	0.9045307960773906	0.18182403894760202
0.7199999999999995	-0.09386852085967143	0.8869092323045404	0.17022194891725193	0.9030966162267561	0.1844165017597833
0.7199999999999995	-0.07509481668773717	0.8836618751965015	0.17723846425163667	0.9012612178974951	0.18772821711392385
0.7199999999999995	-0.05632111251580291	0.8796606965242251	0.18544376692874814	0.8989951789093247	0.19180766829779128
0.7199999999999995	-0.037547408343868646	0.8749958433332694	0.19505655560624882	0.8964735276267074	0.19633521426452705
0.7199999999999995	-0.018773704171934386	-0.20663250210334128	-0.02848663664536849	0.2085868629440804	0.9564915206071474
0.7199999999999995	-1.249000902703301E-16	-0.20950805055813904	-0.01677513935373362	0.21017856348592956	0.9558249714509911
0.7199999999999995	0.018773704171934136	0.03232495911290556	-0.009774323079979608	0.033770406768690815	0.9988595596266772
0.7199999999999995	0.037547408343868396	0.03228851669691657	-0.003352779776396142	0.032462123200987195	0.9989462105572839
0.7199999999999995	0.05632111251580266	0.03208671737237401	0.0035772350980853296	0.03228550824567551	0.9989576459573184
0.7199999999999995	0.07509481668773692	1.170840546870968	-0.18291501394145926	1.1850423994618553	-0.40432548852231154
0.7199999999999995	0.09386852085967118	1.1683600619181427	-0.16085229153007086	1.179380639986871	-0.39093869397584124
0.7199999999999995	0.11264222503160544	1.1655458317087362	-0.14101439741124855	1.1740452061530113	-0.37838214609086696
0.7199999999999995	0.1314159292035397	1.1629318537971158	-0.12282454840694601	1.169400002679736	-0.3674963662673665
0.7199999999999995	0.15018963337547397	1.1605240410123494	-0.1060329098630014	1.1653578968461358	-0.3580590277416489
0.7199999999999995	0.16896333754740822	1.1582886587007226	-0.09047481765948845	1.1618168140912908	-0.34981830950523696
0.7199999999999995	0.18773704171934247	1.1561892124452144	-0.0760162640530826	1.1586854479863262	-0.3425519673752735
0.7199999999999995	0.20651074589127671	1.154191439067942	-0.06254405422874343	1.1558847852347114	-0.3360696367370948
0.7199999999999995	0.22528445006321096	1.1522653980624025	-0.04996171543911629	1.1533480483277916	-0.3302117205815258
0.7199999999999995	0.2440581542351452	1.1503862526554711	-0.03818645555814218	1.151019867633392	-0.32484673568679123
0.7199999999999995	0.26283185840707946	1.1485342473411726	-0.027146716240970536	1.1488550219754543	-0.31986786151822155
0.7199999999999995	0.2816055625790137	1.146694270063165	-0.016780211538291623	1.1468170405496094	-0.3151893244949644
0.7383333333333328	-0.2816055625790139	0.896833480900536	0.1399746961370989	0.9076911413156159	0.17609679197715455
0.7383333333333328	-0.2628318584070797	0.8963163793968418	0.14078516184356749	0.9073056341555379	0.1767964862296172
0.7383333333333328	-0.24405815423514543	0.8956900538049168	0.14188202572954606	0.9068578619112118	0.17760881828982555
0.7383333333333328	-0.22528445006321118	0.8949215358384386	0.14330432062217208	0.9063226156377275	0.17857931638358804
0.7383333333333328	-0.20651074589127694	0.8939707630238992	0.14509593710512836	0.9056691206538666	0.17976344389405197
0.7383333333333328	-0.1877370417193427	0.8927892372139887	0.14730641353814064	0.9048601005429544	0.1812281984453944
0.7383333333333328	-0.16896333754740844	0.8913184754997808	0.14999193670431196	0.9038507652503059	0.1830537941564363
0.7383333333333328	-0.1501896333754742	0.8894882572718881	0.15321659340878252	0.9025877709787413	0.18533531567962724
0.7383333333333328	-0.13141592920353995	0.8872147167440568	0.15705387884347705	0.9010082543833983	0.18818412553298147
0.7383333333333328	-0.11264222503160569	0.8843984388419677	0.1615884174756781	0.8990391622662517	0.19172858471159637
0.7383333333333328	-0.09386852085967143	0.8809228367477602	0.1669180512835666	0.8965972786864927	0.19611331985197566
0.7383333333333328	-0.07509481668773717	0.8766518725633107	0.1731587405117755	0.8935896458019102	0.20149754491561656
0.7383333333333328	-0.05632111251580291	0.8714130656794813	0.18047161009023605	0.8899049011470125	0.20806926691452599
0.7383333333333328	-0.037547408343868646	0.8648925637843323	0.18929794829520663	0.885365947006214	0.2161271398817899
0.7383333333333328	-0.018773704171934386	-0.21920697563204938	-0.03259216620632949	0.221616667838344	0.9508860525362292
0.7383333333333328	-1.249000902703301E-16	-0.22175666625688795	-0.01851579506803233	0.22252832111075246	0.9504811463036298
0.7383333333333328	0.018773704171934136	0.025270682524052956	-0.010025637961119105	0.02718677641352332	0.9992608791882411
0.7383333333333328	0.037547408343868396	0.02615275689398444	-0.002714348561074331	0.02629323831837488	0.9993086656187331
0.7383333333333328	0.05632111251580266	0.026661448846655667	0.001231307652950514	0.026689866487846117	0.9992876510268609
0.7383333333333328	0.07509481668773692	1.1492515711575941	-0.18391203538498052	1.163874052708301	-0.35460281056764487
0.7383333333333328	0.09386852085967118	1.1481407460461939	-0.1627529547115933	1.159618772269087	-0.3447156969988645
0.7383333333333328	0.11264222503160544	1.1469675833815258	-0.1429113722862954	1.1558366223895182	-0.33595829765680985
0.7383333333333328	0.1314159292035397	1.1458102431527595	-0.12460446306839429	1.1525655666947319	-0.32840738553034843
0.7383333333333328	0.15018963337547397	1.144692553139746	-0.10770223355216474	1.1497481516948462	-0.3219208123257151
0.7383333333333328	0.16896333754740822	1.1436066831297667	-0.09205721600275141	1.147305877574609	-0.3163107767172437
0.7383333333333328	0.18773704171934247	1.1425363550315655	-0.07753749131045418	1.1451643485227498	-0.3114013851275341
0.7383333333333328	0.20651074589127671	1.1414642320733999	-0.06402795921399063	1.1432585764664198	-0.3070401726640246
0.7383333333333328	0.22528445006321096	1.140374680548519	-0.05142865015376766	1.1415337568783395	-0.3030993180927759
0.7383333333333328	0.2440581542351452	1.1392548996457668	-0.0396527768697012	1.1399447658024333	-0.29947406908036456
0.7383333333333328	0.26283185840707946	1.1380952347711084	-0.028624877131301324	1.1384551580978	-0.2960801469994867
0.7383333333333328	0.2816055625790137	1.1368890532462603	-0.018279144629813338	1.1370359917432586	-0.2928508465195758
0.7566666666666662	-0.2816055625790139	0.8962141228055278	0.13939791485775044	0.906990370722187	0.17736846741722978
0.7566666666666662	-0.2628318584070797	0.8954483998501536	0.14010008018059084	0.9063420266438098	0.1785441307391915
0.7566666666666662	-0.24405815423514543	0.8945404004056233	0.14105767985142492	0.9055936158139146	0.17990020299707998
0.7566666666666662	-0.22528445006321118	0.8934533086004588	0.1423031422468126	0.9047148716266485	0.18149100105757687
0.7566666666666662	-0.20651074589127694	0.8921426300819	0.1438724669037041	0.9036690539917848	0.1833822408575928
0.7566666666666662	-0.1877370417193427	0.8905546761819182	0.14580579180392042	0.9024117464844135	0.1856530398069507
0.7566666666666662	-0.16896333754740844	0.888624784102208	0.14814816363950062	0.9008894967255707	0.18839811468954792
0.7566666666666662	-0.1501896333754742	0.8862752806806291	0.15095058777252185	0.8990383490677123	0.19173004690560225
0.7566666666666662	-0.13141592920353995	0.8834132624554423	0.1542714423783197	0.896782398475603	0.1957813297843447
0.7566666666666662	-0.11264222503160569	0.87992837973158	0.1581783244500209	0.8940326256814455	0.20070566421714042
0.7566666666666662	-0.09386852085967143	0.8756908875535568	0.16275017657041613	0.8906863367752071	0.20667784948196233
0.7566666666666662	-0.07509481668773717	0.8705494480977998	0.1680773618642414	0.8866263819414731	0.21389365884537304
0.7566666666666662	-0.05632111251580291	0.8643205903758692	0.17423707551037979	0.8817077982132747	0.2225913585698992
0.7566666666666662	-0.037547408343868646	0.8566978318580956	0.18100128321706863	0.8756098672562954	0.2333073603634127
0.7566666666666662	-0.018773704171934386	-0.23352015082789745	-0.032606064552830216	0.23578553027763877	0.9444051837116927
0.7566666666666662	-1.249000902703301E-16	-0.23537089849863113	-0.019749288148073585	0.2361979979644378	0.9442105057575915
0.7566666666666662	0.018773704171934136	0.016644535959005946	-0.009620208493896026	0.019224697364501508	0.9996304110112433
0.7566666666666662	0.037547408343868396	0.01852230547479461	1.2480933253913862E-4	0.01852272597300665	0.9996569086225289
0.7566666666666662	0.05632111251580266	1.1275528363374143	-0.211664530576531	1.1472476943697603	-0.31617727223673087
0.7566666666666662	0.07509481668773692	1.1277322730154369	-0.18484493397504204	1.1427807004044133	-0.30594772921680136
0.7566666666666662	0.09386852085967118	1.1279898596315558	-0.1631572711866739	1.1397286600646221	-0.2989814185726991
0.7566666666666662	0.11264222503160544	1.1283613434781925	-0.1433214926078778	1.1374270841241918	-0.29374037169926126
0.7566666666666662	0.1314159292035397	1.1286469099218255	-0.12504560108533525	1.1355528387648361	-0.289480249626878
0.7566666666666662	0.15018963337547397	1.1288297331657402	-0.10817537089226853	1.1340010923040225	-0.2859584773467161
0.7566666666666662	0.16896333754740822	1.1289098077676352	-0.09256913605116357	1.1326987238552084	-0.28300639902321767
0.7566666666666662	0.18773704171934247	1.1288855097397557	-0.07809771389166137	1.1315837339832575	-0.28048174701549167
0.7566666666666662	0.20651074589127671	1.1287541050623366	-0.06464588578182018	1.1306037857019553	-0.27826492024359295
0.7566666666666662	0.22528445006321096	1.1285132899387182	-0.05211207950140448	1.1297158556018723	-0.2762579143982704
0.7566666666666662	0.2440581542351452	1.1281620556869827	-0.04040729671315996	1.1288854563327246	-0.27438237351954387
0.7566666666666662	0.26283185840707946	1.1277010007349246	-0.029453766186357533	1.128085578048541	-0.27257707140111087
0.7566666666666662	0.2816055625790137	1.127132313584784	-0.019183547483204166	1.127295551672687	-0.2707952608210278
0.7749999999999995	-0.2816055625790139	0.895700619038631	0.13860590316901206	0.9063615147056302	0.17850880466051566
0.7749999999999995	-0.2628318584070797	0.894715111362329	0.13917189283393416	0.9054744315855002	0.18011605374491524
0.7749999999999995	-0.24405815423514543	0.8935603501737313	0.13995936843737775	0.9044549321088314	0.1819612757840091
0.7749999999999995	-0.22528445006321118	0.892196881267059	0.1409937543335917	0.9032687937174337	0.18410548629625212
0.7749999999999995	-0.20651074589127694	0.8905772201651756	0.1423026277067922	0.9018746159690878	0.18662217707061035
0.7749999999999995	-0.1877370417193427	0.888644185254922	0.14391600367747015	0.9002223636979242	0.1895996958981223
0.7749999999999995	-0.16896333754740844	0.8863288854756286	0.145866801061061	0.8982516445185376	0.1931439831197428
0.7749999999999995	-0.1501896333754742	0.8835483404332456	0.1481916077990242	0.8958897379166715	0.1973815774955977
0.7749999999999995	-0.13141592920353995	0.8802027735452842	0.15093192304662767	0.8930494767656292	0.2024626320486359
0.7749999999999995	-0.11264222503160569	0.8761727666429648	0.15413613359759334	0.8896272616591752	0.20856333531279747
0.7749999999999995	-0.09386852085967143	0.8713169276861361	0.1578625922591471	0.8855019968962154	0.2158862134928149
0.7749999999999995	-0.07509481668773717	0.8654732556122924	0.1621844830066746	0.8805383368759606	0.22465223729171735
0.7749999999999995	-0.05632111251580291	0.8584869288404621	0.16720138084430847	0.8746176929071193	0.23504389125382796
0.7749999999999995	-0.037547408343868646	0.8504472920827932	0.17312599829401354	0.8678900897557562	0.2467667921037454
0.7749999999999995	-0.018773704171934386	0.8430250520737199	0.18102257020416204	0.8622415029138988	0.2565395906527811
0.7749999999999995	-1.249000902703301E-16	-0.2508351579104653	-0.021597188038286558	0.251763212116324	0.9366152850248708
0.7749999999999995	0.018773704171934136	0.005961688441444957	-0.008774172465343094	0.01060791362730878	0.9998874721684755
0.7749999999999995	0.037547408343868396	0.00796339252460243	0.0027023511932702526	0.008409418676261935	0.9999292816775274
0.7749999999999995	0.05632111251580266	1.1016282993463071	-0.2065305463056104	1.120821027853212	-0.2562397764779307
0.7749999999999995	0.07509481668773692	1.1054182332689966	-0.18334577314701594	1.1205200323842617	-0.2555651429744268
0.7749999999999995	0.09386852085967118	1.1078458561876103	-0.1619100933726726	1.1196148084979973	-0.2535373194080073
0.7749999999999995	0.11264222503160544	1.1098515242234561	-0.1422488278339903	1.1189303529895296	-0.2520051348412733
0.7749999999999995	0.1314159292035397	1.1115821219563724	-0.12414757014019939	1.1184933763884108	-0.2510274330247473
0.7749999999999995	0.15018963337547397	1.113064440821779	-0.1074451404427148	1.1182383053833624	-0.25045690762665407
0.7749999999999995	0.16896333754740822	1.1143123016648697	-0.09200106776807632	1.1181037975573314	-0.2501561021121259
0.7749999999999995	0.18773704171934247	1.1153368925973373	-0.07768774954548929	1.1180392526285143	-0.25001177041812683
0.7749999999999995	0.20651074589127671	1.1161485310103416	-0.06439031136093093	1.1180043181820458	-0.24993365547370106
0.7749999999999995	0.22528445006321096	1.1167574566536416	-0.05200666556273925	1.1179677590406911	-0.24985191025446474
0.7749999999999995	0.2440581542351452	1.1171741916872	-0.04044691920026014	1.1179061355251347	-0.249714127844741
0.7749999999999995	0.26283185840707946	1.1174096283001045	-0.029632340529601342	1.1178024660122376	-0.24948235302303967
0.7749999999999995	0.2816055625790137	1.1174749683941907	-0.019494131586866498	1.1176449911102915	-0.2491303261539235
0.7933333333333328	-0.2816055625790139	0.8953163948617966	0.13762532615220166	0.905832311913648	0.17946782269317552
0.7933333333333328	-0.2628318584070797	0.8941422011662735	0.1380327930394799	0.9047338436583152	0.1814566721392512
0.7933333333333328	-0.24405815423514543	0.8927780922117807	0.13862592604794227	0.903476546074084	0.18373013069404354
0.7933333333333328	-0.22528445006321118	0.8911832716205383	0.1394229791606463	0.9020234978836839	0.18635360926568378
0.7933333333333328	-0.20651074589127694	0.8893088467249427	0.14044284706446666	0.9003301717452441	0.1894055818451793
0.7933333333333328	-0.1877370417193427	0.887096057629631	0.14170499592176763	0.8983427638330603	0.19298027866877843
0.7933333333333328	-0.16896333754740844	0.884474059073235	0.14322951361524583	0.8959961242906936	0.19719094525605585
0.7933333333333328	-0.1501896333754742	0.8813571690956721	0.1450374254518928	0.8932112372211013	0.2021736857019495
0.7933333333333328	-0.13141592920353995	0.877641526223678	0.14715152276817736	0.8898922514581303	0.20809178079477975
0.7933333333333328	-0.11264222503160569	0.8732011591017165	0.1495981260962103	0.8859231702512802	0.2151401364119212
0.7933333333333328	-0.09386852085967143	0.8678835157510436	0.15241063511212039	0.8811644560510097	0.22354920139232826
0.7933333333333328	-0.07509481668773717	0.8615037067212774	0.15563760915480618	0.8754494286239068	0.23358829792207503
0.7933333333333328	-0.05632111251580291	0.853825436018856	0.15937027959926828	0.8685716787993599	0.24558323878766153
0.7933333333333328	-0.037547408343868646	0.8443912285221004	0.1639006050069529	0.8601511234234989	0.2601400448732928
0.7933333333333328	-0.018773704171934386	0.8309759303775597	0.17167367596763078	0.8485239229904422	0.28000715211291005
0.7933333333333328	-1.249000902703301E-16	-0.2707764213363677	-0.022790412819507194	0.271733827979171	0.9261607267317863
0.7933333333333328	0.018773704171934136	-0.006978439022064742	-0.006736150748830466	0.009699192651744019	0.9999059256619044
0.7933333333333328	0.037547408343868396	-0.0021928944483340373	0.0061251263350335095	0.006505840351688264	0.9999576740413183
0.7933333333333328	0.05632111251580266	1.0797731190305853	-0.2018438853028806	1.0984766463676872	-0.20665094261520078
0.7933333333333328	0.07509481668773692	1.0840001105175974	-0.1798536420835281	1.0988191717352191	-0.20740357217287309
0.7933333333333328	0.09386852085967118	1.0880219384719543	-0.1589858428677594	1.0995763897195323	-0.20906823682864073
0.7933333333333328	0.11264222503160544	1.0915959753171842	-0.13969624933867408	1.1004984395300013	-0.21109681540796776
0.7933333333333328	0.1314159292035397	1.0947530804247554	-0.12191801493216553	1.1015209074114256	-0.21334830946449057
0.7933333333333328	0.15018963337547397	1.097522401273505	-0.105516791397814	1.1025829740042472	-0.21568921456405055
0.7933333333333328	0.16896333754740822	1.0999275947908764	-0.09035666059832026	1.1036326562298355	-0.21800503989692244
0.7933333333333328	0.18773704171934247	1.101991353676815	-0.07631100882561526	1.1046303968506581	-0.22020831364644233
0.7933333333333328	0.20651074589127671	1.1037363219522087	-0.06326521541218377	1.105547988952872	-0.22223635587773982
0.7933333333333328	0.22528445006321096	1.1051849644066254	-0.05111728831511381	1.106366477581079	-0.22404678271516443
0.7933333333333328	0.2440581542351452	1.1063592701092522	-0.03977746512338698	1.1070741083090687	-0.2256130812883197
0.7933333333333328	0.26283185840707946	1.107280495040691	-0.029167249384316418	1.1076645806083196	-0.22692082313420459
0.7933333333333328	0.2816055625790137	1.1079689815894906	-0.019218196635753693	1.108135642981663	-0.22796460324638335
0.8116666666666661	-0.2816055625790139	0.8950798935588016	0.1364845184178971	0.905425888530365	0.1802039603789991
0.8116666666666661	-0.2628318584070797	0.8937493705036821	0.1367167515268263	0.9041456782088692	0.182520592576224
0.8116666666666661	-0.24405815423514543	0.8922146014734822	0.1370981166525071	0.9026864287625848	0.185157211327851
0.8116666666666661	-0.22528445006321118	0.8904347824117411	0.13763980558436983	0.9010098877426085	0.1881811821900521
0.8116666666666661	-0.20651074589127694	0.888361287253873	0.13835210858984537	0.8990701210932407	0.19167291735738556
0.8116666666666661	-0.1877370417193427	0.8859358791231854	0.1392439167293817	0.89681171394218	0.19572874973608956
0.8116666666666661	-0.16896333754740844	0.8830883722905872	0.1403222227965943	0.8941674336976357	0.20046460051458415
0.8116666666666661	-0.1501896333754742	0.8797335709488496	0.14159176054082934	0.8910552073286291	0.20602061749253386
0.8116666666666661	-0.13141592920353995	0.8757672908534007	0.14305504371921707	0.8873742689881265	0.212566906737788
0.8116666666666661	-0.11264222503160569	0.8710612561050896	0.14471323246516124	0.8830003576091531	0.22031036846210783
0.8116666666666661	-0.09386852085967143	0.8654565579738198	0.14656838446409665	0.8777797816447511	0.229502654935693
0.8116666666666661	-0.07509481668773717	0.8587547461298128	0.14862681080442103	0.8715214529145984	0.24045035710962748
0.8116666666666661	-0.05632111251580291	0.8507038297478116	0.150891010080578	0.86398211953184	0.25353489712926935
0.8116666666666661	-0.037547408343868646	0.8409908776881692	0.15319330615301008	0.8548297171979967	0.269266154595193
0.8116666666666661	-0.018773704171934386	0.8300778362994609	0.1534375111825647	0.844139967157991	0.28742771584650584
0.8116666666666661	-1.249000902703301E-16	-0.29097026865887266	-0.020578630975216755	0.2916970642571342	0.9149128227037693
0.8116666666666661	0.018773704171934136	-0.022750350505289063	-0.003089347714158641	0.0229591488825802	0.9994728774825875
0.8116666666666661	0.037547408343868396	-0.016814354740964155	0.015103756023592207	0.02260190194154425	0.9994891540286248
0.8116666666666661	0.05632111251580266	1.0569250381390556	-0.1975094579152437	1.0752211503738278	-0.15610052221121773
0.8116666666666661	0.07509481668773692	1.0630067542128125	-0.17497734293521194	1.0773116680156796	-0.16060043004272573
0.8116666666666661	0.09386852085967118	1.0686349152487828	-0.15451269820922425	1.0797475427138827	-0.1658547559966681
0.8116666666666661	0.11264222503160544	1.073735641121659	-0.13569715691518047	1.0822762796115433	-0.1713219454098034
0.8116666666666661	0.1314159292035397	1.0782931835512788	-0.11837578553059513	1.0847714120003058	-0.1767290162931372
0.8116666666666661	0.15018963337547397	1.0823275409629316	-0.10240645119347686	1.0871614356538353	-0.18191998717290825
0.8116666666666661	0.16896333754740822	1.08586850305834	-0.08765135075422192	1.0894003695718115	-0.18679316522319955
0.8116666666666661	0.18773704171934247	1.0889497994319517	-0.0739827526174543	1.091460083268162	-0.19128511336774312
0.8116666666666661	0.20651074589127671	1.091606624660871	-0.061285793785183895	1.0933256475192465	-0.19536097152337972
0.8116666666666661	0.22528445006321096	1.093873973804323	-0.04945902854404466	1.0949915369860086	-0.19900646607098138
0.8116666666666661	0.2440581542351452	1.0957855519296182	-0.0384137922347933	1.0964586609861569	-0.20222159525155603
0.8116666666666661	0.26283185840707946	1.0973731494130927	-0.028073011169292394	1.0977321727128713	-0.20501592300892102
0.8116666666666661	0.2816055625790137	1.0986663506510073	-0.01836981903687135	1.0988199125899791	-0.20740520030424947
0.8299999999999994	-0.2816055625790139	0.8950045719113378	0.13521259589075735	0.9051605547248036	0.18068437017028582
0.8299999999999994	-0.2628318584070797	0.893550323929266	0.13525842184092934	0.9037295071386101	0.1832729779270048
0.8299999999999994	-0.24405815423514543	0.8918835952935408	0.13541727846507234	0.9021054189287521	0.18620581313938078
0.8299999999999994	-0.22528445006321118	0.8899648752877284	0.13569371131672792	0.9002501111006926	0.1895497374631906
0.8299999999999994	-0.20651074589127694	0.8877474882129636	0.1360898897337475	0.8981180662452846	0.19338393908383067
0.8299999999999994	-0.1877370417193427	0.8851759225148361	0.13660462608468557	0.8956546419618043	0.19780276233227212
0.8299999999999994	-0.16896333754740844	0.882183540725428	0.13723220143878478	0.8927936360876393	0.20291952336141195
0.8299999999999994	-0.1501896333754742	0.878689395973015	0.137961086666072	0.8894539426128288	0.2088716839704946
0.8299999999999994	-0.13141592920353995	0.874593808934487	0.13877278675421925	0.8855349891280785	0.21582778302993388
0.8299999999999994	-0.11264222503160569	0.8697723302190532	0.13964122458444955	0.8809106526873917	0.22399642198187364
0.8299999999999994	-0.09386852085967143	0.8640677856102458	0.14053323856094094	0.8754214580816602	0.23363727073018015
0.8299999999999994	-0.07509481668773717	0.8572807365904491	0.14141111481884228	0.868865561938883	0.24507263527662915
0.8299999999999994	-0.05632111251580291	0.849166106850658	0.14224448836497458	0.8609974282738111	0.25868342850588355
0.8299999999999994	-0.037547408343868646	0.8395195593610377	0.14312052299098701	0.8516317130373696	0.2747234253490354
0.8299999999999994	-0.018773704171934386	0.8290245416289714	0.1452656375264085	0.8416553903285359	0.2916162039309199
0.8299999999999994	-1.249000902703301E-16	-0.31476712332939716	-0.02370227245168821	0.3156582640268396	0.900359860351562
0.8299999999999994	0.018773704171934136	-0.042581479678603706	0.0010873928907451091	0.042595361659671156	0.9981856351650819
0.8299999999999994	0.037547408343868396	-0.035636836684265205	0.022014616728377595	0.041888273759589964	0.9982453725214416
0.8299999999999994	0.05632111251580266	1.0342489926954708	-0.189967642960074	1.0515506094636635	-0.10575868426340218
0.8299999999999994	0.07509481668773692	1.04242298336748	-0.16833128097490047	1.055926652948683	-0.1149810964074085
0.8299999999999994	0.09386852085967118	1.0497678431890363	-0.14848031503644227	1.0602164536296736	-0.12405892854708189
0.8299999999999994	0.11264222503160544	1.0563971632058078	-0.13027286725286286	1.0643993547402968	-0.13294598637156008
0.8299999999999994	0.1314159292035397	1.062333413281867	-0.11354488870542317	1.068384164393234	-0.14144472272622877
0.8299999999999994	0.15018963337547397	1.0676037691141023	-0.0981398328733043	1.0721050483152468	-0.14940923462303757
0.8299999999999994	0.16896333754740822	1.0722479762476849	-0.08391196540030699	1.0755263550953078	-0.1567569405045981
0.8299999999999994	0.18773704171934247	1.0763129904878486	-0.07073001705301635	1.0786345019538432	-0.1634523888052155
0.8299999999999994	0.20651074589127671	1.0798481336909662	-0.05847852102263251	1.0814304088830022	-0.1694917292568574
0.8299999999999994	0.22528445006321096	1.0829019537637181	-0.04705727795131781	1.083923903635982	-0.17489102887346553
0.8299999999999994	0.2440581542351452	1.0855204457074294	-0.036379909240010944	1.0861298890303903	-0.179678135845168
0.8299999999999994	0.26283185840707946	1.0877461933971382	-0.02637211240413742	1.088065838799574	-0.1838872695626208
0.8299999999999994	0.2816055625790137	1.0896180822728412	-0.01696992964875546	1.0897502207975127	-0.1875555437282277
0.8483333333333327	-0.2816055625790139	0.8950990781798398	0.13383859181388413	0.9050497933357713	0.1808848715828777
0.8483333333333327	-0.2628318584070797	0.8935529953720748	0.13369205816714108	0.9034990436936684	0.18368947804462665
0.8483333333333327	-0.24405815423514543	0.8917917954450053	0.13362395175950095	0.9017471746043076	0.18685203309314835
0.8483333333333327	-0.22528445006321118	0.8897784317212938	0.13363290739928899	0.8997574181391294	0.1904365885036079
0.8483333333333327	-0.20651074589127694	0.8874697420732423	0.13371390949360362	0.8974864637907419	0.1945180473123893
0.8483333333333327	-0.1877370417193427	0.8848150815463086	0.13385682374276506	0.8948828849599831	0.19918462220569755
0.8483333333333327	-0.16896333754740844	0.8817543420325197	0.1340444727975426	0.8918848806773063	0.20454135961922704
0.8483333333333327	-0.1501896333754742	0.8782149830231194	0.13425023192850757	0.8884169523254022	0.21071531882084404
0.8483333333333327	-0.13141592920353995	0.8741075355346136	0.13443527798626026	0.8843849996724497	0.21786317235436126
0.8483333333333327	-0.11264222503160569	0.8693189518978943	0.13454592092707374	0.8796692815865335	0.22618195503303207
0.8483333333333327	-0.09386852085967143	0.8637033201695923	0.13451175767360052	0.8741148884582728	0.23592316177558137
0.8483333333333327	-0.07509481668773717	0.857069212166668	0.13424513763688223	0.8675191014745084	0.2474106085768616
0.8483333333333327	-0.05632111251580291	0.849152666386588	0.13364136883177305	0.859604715142188	0.2610797337053179
0.8483333333333327	-0.037547408343868646	0.8394541461550431	0.13258621891884562	0.8498602055303499	0.2777376310559114
0.8483333333333327	-0.018773704171934386	0.8256531297907211	0.1310833006279507	0.8359939727275137	0.301114077563269
0.8483333333333327	-1.249000902703301E-16	-0.3561310450787778	-0.02398139826488266	0.3569375697956736	0.8725955712683586
0.8483333333333327	0.018773704171934136	-0.06756721210100514	0.009141706471245764	0.0681828347042614	0.9953511010516913
0.8483333333333327	0.037547408343868396	1.002496187206215	-0.2027385841317625	1.022791053372462	-0.04610153885875046
0.8483333333333327	0.05632111251580266	1.012754337618821	-0.18072916174399006	1.0287537986663389	-0.05833437827042198
0.8483333333333327	0.07509481668773692	1.0225707297390527	-0.15995333260228917	1.0350052975369919	-0.0712359659296371
0.8483333333333327	0.09386852085967118	1.031575951757334	-0.14088180306038922	1.0411515867910857	-0.08399662667759555
0.8483333333333327	0.11264222503160544	1.0397218776873336	-0.1234387124344023	1.047023733574907	-0.09625869866913805
0.8483333333333327	0.1314159292035397	1.0470107425684894	-0.10745409584136506	1.0525102744234398	-0.1077778777669045
0.8483333333333327	0.15018963337547397	1.0534781940494837	-0.09275292514571637	1.057553502410563	-0.11841941046084847
0.8483333333333327	0.16896333754740822	1.0591801096551015	-0.07917765443092634	1.0621353989252857	-0.12813160565017578
0.8483333333333327	0.18773704171934247	1.0641813309543224	-0.06659235975111971	1.0662628416712907	-0.13691644752893595
0.8483333333333327	0.20651074589127671	1.068548230637176	-0.05488164062818934	1.0699566886915943	-0.14480731567588134
0.8483333333333327	0.22528445006321096	1.072344534856202	-0.04394801530664602	1.0732447202224464	-0.15185422948535732
0.8483333333333327	0.2440581542351452	1.075629292592683	-0.03370909980178921	1.0761573669742184	-0.15811467849288263
0.8483333333333327	0.26283185840707946	1.078456118065337	-0.02409503321733189	1.0787252519609896	-0.1636481692183005
0.8483333333333327	0.2816055625790137	1.0808731356514212	-0.015046280210879615	1.0809778563509616	-0.1685131259211201
0.866666666666666	-0.2816055625790139	0.8953676111762641	0.13239066706436073	0.9051024515872421	0.1807895521307641
0.866666666666666	-0.2628318584070797	0.8937600205961596	0.13205051362819553	0.9034624024083779	0.18375568743448212
0.866666666666666	-0.24405815423514543	0.8919395279926012	0.13175657875562108	0.901618498945674	0.18708408235894958
0.866666666666666	-0.22528445006321118	0.889872475102048	0.13150261453931011	0.8995365248698463	0.19083404042508045
0.866666666666666	-0.20651074589127694	0.8875204817814496	0.13127780705428124	0.8971769436440938	0.19507353179344245
0.866666666666666	-0.1877370417193427	0.8848396007342452	0.13106490418044958	0.8944937831731246	0.19988087186463122
0.866666666666666	-0.16896333754740844	0.8817790000319842	0.13083757961383913	0.8914329347385667	0.2053473228633863
0.866666666666666	-0.1501896333754742	0.8782787289530933	0.13055680059673969	0.8879293912882477	0.21158139608648197
0.866666666666666	-0.13141592920353995	0.8742657884882483	0.13016608682878952	0.8839026411779176	0.2187161209187014
0.866666666666666	-0.11264222503160569	0.8696473695121401	0.1295860132633173	0.8792491581644337	0.22692091786713464
0.866666666666666	-0.09386852085967143	0.8643003205390438	0.12870930542232922	0.8738312934349469	0.23641887061380773
0.866666666666666	-0.07509481668773717	0.8580586585170287	0.12739814509860417	0.867464667194352	0.24750505116939214
0.866666666666666	-0.05632111251580291	0.8507122246775031	0.1254730004521421	0.8599155557717337	0.2605452369417903
0.866666666666666	-0.037547408343868646	0.8420815248608438	0.12257731164875935	0.8509562220484677	0.27587350815699896
0.866666666666666	-0.018773704171934386	0.8327553744365259	0.11712689115233112	0.8409519738272385	0.2927997777160716
0.866666666666666	-1.249000902703301E-16	-0.38515799781964066	-0.014380408371867631	0.38542636057926294	0.851446520570624
0.866666666666666	0.018773704171934136	-0.09880134821618514	0.021171792989448296	0.10104430329179336	0.989790048772276
0.866666666666666	0.037547408343868396	0.9800430257699828	-0.19210360271768484	0.9986932094179359	0.0026118734625028006
0.866666666666666	0.05632111251580266	0.9919231135741576	-0.17000107255982494	1.0063855264828394	-0.012811827914141816
0.866666666666666	0.07509481668773692	1.0035061168689294	-0.14990187975675828	1.0146403797148855	-0.02949510014796708
0.866666666666666	0.09386852085967118	1.0142105278167828	-0.1317202426375732	1.0227283202566058	-0.04597321705489832
0.866666666666666	0.11264222503160544	1.0238691823752903	-0.11521422447445645	1.0303312186569404	-0.061582420139095984
0.866666666666666	0.1314159292035397	1.032474473292813	-0.10014242250301358	1.037319643497627	-0.07603204278604414
0.866666666666666	0.15018963337547397	1.0400839439167744	-0.08629578026592771	1.043657784949251	-0.089221572085177
0.866666666666666	0.16896333754740822	1.0467806042447187	-0.0735024827650852	1.049358017263684	-0.10115224839557024
0.866666666666666	0.18773704171934247	1.0526541193456924	-0.061623459494894284	1.0544563270878382	-0.11187814573557398
0.866666666666666	0.20651074589127671	1.0577917109855828	-0.05054603148813322	1.0589986804189162	-0.12147820512900576
0.866666666666666	0.22528445006321096	1.0622740846469012	-0.04017818601851614	1.0630336389522912	-0.13004051754415014
0.866666666666666	0.2440581542351452	1.0661739796272218	-0.030444004798203972	1.0666085468728912	-0.13765379226230046
0.866666666666666	0.26283185840707946	1.0695560414629774	-0.021280162208833137	1.0697677183078524	-0.1444029711335888
0.866666666666666	0.2816055625790137	1.0724773159150616	-0.012633273627117275	1.0725517203169797	-0.15036719275491262
0.8849999999999993	-0.2816055625790139	0.895810440678389	0.1308954492086782	0.9053231269839245	0.1803900357480489
0.8849999999999993	-0.2628318584070797	0.8941694407628581	0.13036439969733804	0.903622634456779	0.18346613449739024
0.8849999999999993	-0.24405815423514543	0.8923216620368735	0.12985039315330843	0.9017200636241366	0.186900926857683
0.8849999999999993	-0.22528445006321118	0.8902373949603151	0.1293435366203088	0.8995845540310133	0.1907476301488228
0.8849999999999993	-0.20651074589127694	0.8878838139473976	0.12882896903630525	0.8971814589773544	0.1950654296672658
0.8849999999999993	-0.1877370417193427	0.8852248602301325	0.1282847952007829	0.894471934634712	0.19991995815083552
0.8849999999999993	-0.16896333754740844	0.8822209901168472	0.12767897789737032	0.8914122485133729	0.2053842032003328
0.8849999999999993	-0.1501896333754742	0.8788284047357889	0.12696463591620077	0.8879523544333813	0.2115406162562148
0.8849999999999993	-0.13141592920353995	0.8749968263535212	0.12607307580176003	0.8840327293549999	0.21848613342914958
0.8849999999999993	-0.11264222503160569	0.8706638362596217	0.12490421967296572	0.8795775007709291	0.22634342013756625
0.8849999999999993	-0.09386852085967143	0.8657424301798778	0.12331612297928402	0.8744808869268685	0.23528317839959734
0.8849999999999993	-0.07509481668773717	0.8600996420593552	0.12112221286534526	0.8685861987851459	0.24555801527997112
0.8849999999999993	-0.05632111251580291	0.8535429977337645	0.11812436724050959	0.8616780228811176	0.2575109848836882
0.8849999999999993	-0.037547408343868646	0.8459307344580896	0.11427532783775556	0.8536144668720356	0.27134234194677054
0.8849999999999993	-0.018773704171934386	0.8379179773714003	0.11049440924864062	0.8451719063465045	0.28568444872261545
0.8849999999999993	-1.249000902703301E-16	-0.4329973591183438	-0.01746877198009983	0.4333495944361235	0.8122081290020473
0.8849999999999993	0.018773704171934136	-0.1387158066629952	0.034788872846188756	0.14301168026449362	0.9795476593079262
0.8849999999999993	0.037547408343868396	0.956829591270438	-0.17955364184777772	0.9735308813959388	0.052237622968446584
0.8849999999999993	0.05632111251580266	0.9715215812738041	-0.15725655844719422	0.9841665550380222	0.031416191944591665
0.8849999999999993	0.07509481668773692	0.9853338471680673	-0.13801037048450887	0.9949520856484977	0.010070347263704482
0.8849999999999993	0.09386852085967118	0.9978637895964368	-0.12096228352776778	1.0051686508362734	-0.010364016624013983
0.8849999999999993	0.11264222503160544	1.0090299994096357	-0.10562765545168401	1.0145436123227178	-0.029298741304829123
0.8849999999999993	0.1314159292035397	1.0188913501103491	-0.09166836947302193	1.0230066829163593	-0.04654267329153261
0.8849999999999993	0.15018963337547397	1.027560989039468	-0.07883923758340522	1.0305810068007766	-0.06209721157850234
0.8849999999999993	0.16896333754740822	1.0351655809252351	-0.06695949968841641	1.0373289519389703	-0.07605135453080258
0.8849999999999993	0.18773704171934247	1.041827637008714	-0.05589330546223528	1.0433258775812357	-0.08852888683065574
0.8849999999999993	0.20651074589127671	1.0476587630809042	-0.045536209357520924	1.0486479057447557	-0.09966243022286214
0.8849999999999993	0.22528445006321096	1.0527578363301608	-0.03580600468407702	1.0533665705375304	-0.10958113192599783
0.8849999999999993	0.2440581542351452	1.0572113057415164	-0.026636541197419678	1.0575468076234942	-0.11840525031464377
0.8849999999999993	0.26283185840707946	1.0610943232512844	-0.0179735239840125	1.061246536107659	-0.12624421040050482
0.8849999999999993	0.2816055625790137	1.064472117695315	-0.00977161228339618	1.064516967341228	-0.13319637375736515
0.9033333333333327	-0.2816055625790139	0.8964245465244758	0.1293775509704283	0.905712712898918	0.17968448169328222
0.9033333333333327	-0.2628318584070797	0.8947755862507142	0.12866148954026152	0.903978500098884	0.1828228713589719
0.9033333333333327	-0.24405815423514543	0.8929288358452883	0.12793663417231077	0.902047497777895	0.18631031175263857
0.9033333333333327	-0.22528445006321118	0.890858642936337	0.1271907460079795	0.8998925533442526	0.19019339243556155
0.9033333333333327	-0.20651074589127694	0.8885378306503755	0.12640683008605152	0.8974843526152861	0.19452183681072077
0.9033333333333327	-0.1877370417193427	0.8859384165624504	0.1255612258266523	0.8947918748917391	0.19934750062772644
0.9033333333333327	-0.16896333754740844	0.883032748083379	0.12462055639989361	0.8917831111122835	0.2047228827348967
0.9033333333333327	-0.1501896333754742	0.8797950061288987	0.1235366497058202	0.8884258869651916	0.21069944337011248
0.9033333333333327	-0.13141592920353995	0.8762024882820696	0.12223788145918657	0.884688024184413	0.21732709986467957
0.9033333333333327	-0.11264222503160569	0.8722344076226786	0.12061458006059042	0.8805343484294509	0.2246592612359224
0.9033333333333327	-0.09386852085967143	0.8678614114664983	0.11849642601135447	0.8759137129250159	0.2327751675099129
0.9033333333333327	-0.07509481668773717	0.8630085221505119	0.1156271407703007	0.8707200152673221	0.24184665501287428
0.9033333333333327	-0.05632111251580291	0.8574555000358475	0.11167749161749514	0.8646975174450895	0.2522982033242992
0.9033333333333327	-0.037547408343868646	0.8506148615876111	0.10645374017815658	0.8572502794118118	0.2651219584483707
0.9033333333333327	-0.018773704171934386	0.8409829242240041	0.10058623332414406	0.8469769000218933	0.28263013082930377
0.9033333333333327	-1.249000902703301E-16	0.8223833594890684	0.08632180285978377	0.8269013505935818	0.3162341563865103
0.9033333333333327	0.018773704171934136	-0.18696492616305904	0.06055140651894947	0.19652571446653286	0.9613776435534188
0.9033333333333327	0.037547408343868396	0.9336195746955223	-0.16257671232415183	0.9476690865723003	0.10192330235522196
0.9033333333333327	0.05632111251580266	0.9520623278053542	-0.14177053045558918	0.9625598990877444	0.07347844066819131
0.9033333333333327	0.07509481668773692	0.9684288173142147	-0.124062679402963	0.9763431377467918	0.046754077374749126
0.9033333333333327	0.09386852085967118	0.9828373386276419	-0.10859106135768393	0.988818109061244	0.022238747192545705
0.9033333333333327	0.11264222503160544	0.9954425052136434	-0.09474353264352126	0.9999410573447759	1.1788183621164183E-4
0.9033333333333327	0.1314159292035397	1.0064462403288255	-0.08212635748202746	1.0097914503823517	-0.019678773265293437
0.9033333333333327	0.15018963337547397	1.016052804309479	-0.07048413805802933	1.0184946317300547	-0.037331314862939724
0.9033333333333327	0.16896333754740822	1.024447588043941	-0.059645457376036604	1.0261824600112033	-0.05305044123464486
0.9033333333333327	0.18773704171934247	1.0317915355479386	-0.049490307425043595	1.0329777651805476	-0.06704306335739862
0.9033333333333327	0.20651074589127671	1.0382219796121688	-0.03993100413529377	1.0389895880330386	-0.07949936404106328
0.9033333333333327	0.22528445006321096	1.0438555006867307	-0.030900888350077843	1.0443127746105423	-0.09058917121476928
0.9033333333333327	0.2440581542351452	1.0487910961284628	-0.02234748081724186	1.0490291574676176	-0.10046217321721973
0.9033333333333327	0.26283185840707946	1.0531130778472615	-0.014228217079259114	1.0532091895222842	-0.10924959689418667
0.9033333333333327	0.2816055625790137	1.0568935486160123	-0.006507708018776037	1.0569135836811847	-0.1170663233698046
0.921666666666666	-0.2816055625790139	0.8972043102574353	0.12785930310813043	0.9062690415852331	0.17867642426418295
0.921666666666666	-0.2628318584070797	0.8955700483500534	0.12696643151822345	0.9045253928078463	0.18183381376581143
0.921666666666666	-0.24405815423514543	0.8937488475762794	0.12604221026514245	0.9025927328050286	0.1853263586875502
0.921666666666666	-0.22528445006321118	0.8917187545556621	0.12507321270662947	0.9004474697410498	0.1891943542369412
0.921666666666666	-0.20651074589127694	0.8894575720803976	0.12404205989201512	0.8980652566230418	0.19347879484659003
0.921666666666666	-0.1877370417193427	0.886944312331366	0.12292610444334555	0.8954222692844845	0.19821895966942404
0.921666666666666	-0.16896333754740844	0.8841617132203938	0.121695240135296	0.8924974322632022	0.2034483334035908
0.921666666666666	-0.1501896333754742	0.8811004257509494	0.12030788063866531	0.8892760799674484	0.2091880535977283
0.921666666666666	-0.13141592920353995	0.8777655629843991	0.1187029454109259	0.8857554813889376	0.21543722718945146
0.921666666666666	-0.11264222503160569	0.874185529851269	0.116782978376742	0.881951588603301	0.2221613953601137
0.921666666666666	-0.09386852085967143	0.8704184981285688	0.11437787162460865	0.8779012811254855	0.22928934059823125
0.921666666666666	-0.07509481668773717	0.866533323830289	0.11116964461753862	0.8736353307832498	0.23676130880724167
0.921666666666666	-0.05632111251580291	0.8624798035175939	0.1065593838058483	0.8690375790222362	0.24477368624717055
0.921666666666666	-0.037547408343868646	0.8576146278746498	0.0995447593977952	0.8633724625375417	0.25458799093186113
0.921666666666666	-0.018773704171934386	0.8495524053966896	0.08908096716577099	0.8542099907086609	0.2703252917735095
0.921666666666666	-1.249000902703301E-16	0.8292726089823012	0.08239740705140393	0.8333561019738844	0.3055176073028927
0.921666666666666	0.018773704171934136	0.8872516756396568	-0.16515558117197376	0.902492050888888	0.1855080980823689
0.921666666666666	0.037547408343868396	0.9126324030174575	-0.1416849415997003	0.9235651172026418	0.14702747428647056
0.921666666666666	0.05632111251580266	0.9345427133155685	-0.1233337780731465	0.9426459058549085	0.11141869617497902
0.921666666666666	0.07509481668773692	0.953406804306561	-0.10803039323812841	0.9595077385624535	0.07934489963876634
0.921666666666666	0.09386852085967118	0.9695376987927699	-0.09470469099799272	0.9741521071564774	0.05102767212259507
0.921666666666666	0.11264222503160544	0.9833818053424521	-0.0827067888488997	0.986853681150492	0.02611981199972313
0.921666666666666	0.1314159292035397	0.9953302206153601	-0.071667073739839	0.9979070184785018	0.004181582471347034
0.921666666666666	0.15018963337547397	1.0056962813814831	-0.06137040534159882	1.0075670384824702	-0.015191337036335684
0.921666666666666	0.16896333754740822	1.0147280045306903	-0.051684404800534656	1.0160434050169422	-0.03234420087842205
0.921666666666666	0.18773704171934247	1.0226233590073286	-0.04252224454049311	1.0235070472000636	-0.04756667566819317
0.921666666666666	0.20651074589127671	1.029542449858061	-0.03382328518243591	1.03009789373645	-0.061101670680270725
0.921666666666666	0.22528445006321096	1.0356164638847551	-0.025542667696860588	1.0359314109255673	-0.07315388814223645
0.921666666666666	0.2440581542351452	1.0409541663926192	-0.01764549639701768	1.0411037124481162	-0.08389694007324966
0.921666666666666	0.26283185840707946	1.0456466706238532	-0.010103461158207289	1.0456954813491948	-0.09347903971412408
0.921666666666666	0.2816055625790137	1.0497709989088906	-0.0028928039819651474	1.0497749846824547	-0.10202751846504787
0.9399999999999993	-0.2816055625790139	0.8981421762825366	0.12636070747611705	0.9069875397222367	0.17737360278860415
0.9399999999999993	-0.2628318584070797	0.8965426101033875	0.12530079732897415	0.9052562850056726	0.18051105845772852
0.9399999999999993	-0.24405815423514543	0.8947680127789849	0.12418988352210579	0.9033454067308295	0.1839670761383122
0.9399999999999993	-0.22528445006321118	0.8927994030224262	0.12301415529228821	0.901234296084806	0.1877767435605242
0.9399999999999993	-0.20651074589127694	0.8906182400482292	0.12175704467001486	0.8989024571294603	0.19197437256661887
0.9399999999999993	-0.1877370417193427	0.8882082262979198	0.120398873318929	0.8963312679806302	0.19659025804023567
0.9399999999999993	-0.16896333754740844	0.8855586186209154	0.11891633997017798	0.8935072260064196	0.2016448370743129
0.9399999999999993	-0.1501896333754742	0.8826703507746974	0.11728140398621903	0.8904279172721989	0.20713812414229404
0.9399999999999993	-0.13141592920353995	0.879567488707481	0.11545811167684389	0.8871130383120109	0.21303045725683256
0.9399999999999993	-0.11264222503160569	0.8763188000809491	0.11339275486315062	0.8836246693199376	0.21920744376923107
0.9399999999999993	-0.09386852085967143	0.8730774891560933	0.11098279285136362	0.8801031089481487	0.22541851761980314
0.9399999999999993	-0.07509481668773717	0.8701459249910671	0.10797881502316048	0.8768200244476433	0.23118664472763428
0.9399999999999993	-0.05632111251580291	0.8680264228110848	0.10368464156743583	0.8741969890105866	0.23577962440482425
0.9399999999999993	-0.037547408343868646	0.867126724146936	0.09615851610677874	0.8724420989095231	0.23884478405034593
0.9399999999999993	-0.018773704171934386	0.8657541936333955	0.08108355562368101	0.869542906811613	0.24389513321361056
0.9399999999999993	-1.249000902703301E-16	0.8604001105646544	0.058474635147454074	0.8623848521485621	0.2562923667847027
0.9399999999999993	0.018773704171934136	0.8638623547644357	-0.13806153566334867	0.8748252143193392	0.23468084439112213
0.9399999999999993	0.037547408343868396	0.8943696815980139	-0.1165388367214007	0.9019303896787767	0.18652157217388998
0.9399999999999993	0.05632111251580266	0.920032495833951	-0.10205766818210599	0.9256757321142312	0.1431244389747821
0.9399999999999993	0.07509481668773692	0.9409996912783274	-0.09018220213670936	0.9453111913905038	0.10638675143186627
0.9399999999999993	0.09386852085967118	0.9584071490302166	-0.07959414058983139	0.9617065511518894	0.07512050947153837
0.9399999999999993	0.11264222503160544	0.9731162849875905	-0.06977875878326711	0.9756148724191236	0.04817562071461723
0.9399999999999993	0.1314159292035397	0.9857130605028378	-0.06051120333469079	0.9875686524869466	0.024708156625116495
0.9399999999999993	0.15018963337547397	0.996604557590947	-0.05168096897986646	0.9979436691345586	0.004108433234254694
0.9399999999999993	0.16896333754740822	1.0060863103345077	-0.043227654340161376	1.0070145450499985	-0.01407829394225546
0.9399999999999993	0.18773704171934247	1.014381755511328	-0.035114797680097176	1.0149893570527513	-0.030203394930357508
0.9399999999999993	0.20651074589127671	1.0216653785526844	-0.02731810875478216	1.022030540052076	-0.04454642479913806
0.9399999999999993	0.22528445006321096	1.0280768903751039	-0.01981976882539771	1.028267920222952	-0.05733491575963545
0.9399999999999993	0.2440581542351452	1.033730355111494	-0.01260552941480475	1.033807209517695	-0.06875734645076315
0.9399999999999993	0.26283185840707946	1.0387203446818123	-0.0056631899912941985	1.038735782659277	-0.07897202617678056
0.9399999999999993	0.2816055625790137	1.0431262567086623	0.0010182138466561241	1.043126753656747	-0.08811342419446366
0.9583333333333326	-0.2816055625790139	0.8992291980961955	0.12489957641551627	0.9078618038542552	0.17578694510249793
0.9583333333333326	-0.2628318584070797	0.8976819937961036	0.12368342343129558	0.9061625412791201	0.17886944878256694
0.9583333333333326	-0.24405815423514543	0.8959722438372396	0.12239893870264201	0.9042940682777207	0.18225223807772895
0.9583333333333326	-0.22528445006321118	0.8940830622255432	0.121032227142526	0.902237952075662	0.18596667783431542
0.9583333333333326	-0.20651074589127694	0.8919979439143333	0.11956785403659646	0.8999760017168874	0.19004319633368505
0.9583333333333326	-0.1877370417193427	0.8897023118892697	0.11798954398111858	0.8974919143201144	0.1945082637300164
0.9583333333333326	-0.16896333754740844	0.8871864679590565	0.11628168341329756	0.8947744178434565	0.19937874117290355
0.9583333333333326	-0.1501896333754742	0.8844514085448388	0.11443222620034113	0.8918234289757785	0.20465097152988454
0.9583333333333326	-0.13141592920353995	0.8815208555262042	0.11243790787559182	0.8886626479463908	0.21027869814490907
0.9583333333333326	-0.11264222503160569	0.8784677261372574	0.11031263751615068	0.8853668301108492	0.2161255761394668
0.9583333333333326	-0.09386852085967143	0.8754767093065212	0.10809706160490234	0.8821249589858509	0.22185555673421098
0.9583333333333326	-0.07509481668773717	0.8730035573720243	0.10584782320465207	0.8793969370320621	0.22666102713862735
0.9583333333333326	-0.05632111251580291	0.872200537299689	0.10347213825091167	0.8783167200162377	0.2285597393399179
0.9583333333333326	-0.037547408343868646	0.8759453056687738	0.0996439167590864	0.8815946283129528	0.2227909113297467
0.9583333333333326	-0.018773704171934386	0.8892714702829224	0.08634759094338301	0.8934537785027697	0.2017403456791237
0.9583333333333326	-1.249000902703301E-16	0.911405701370843	0.0314925707504799	0.9119496337538341	0.16834786549624792
0.9583333333333326	0.018773704171934136	0.8429682091484479	-0.097019683383755	0.8485329814443429	0.2799917794011745
0.9583333333333326	0.037547408343868396	0.8816619065093484	-0.08633792959215097	0.8858791991439681	0.2152180445240418
0.9583333333333326	0.05632111251580266	0.9100190568106243	-0.07859534676201829	0.9134067616845959	0.1656880877088599
0.9583333333333326	0.07509481668773692	0.9319304580517787	-0.0712098914089862	0.9346471137702601	0.1264347727209224
0.9583333333333326	0.09386852085967118	0.9498067146227194	-0.06378473205046148	0.9519460526653561	0.09379871281484697
0.9583333333333326	0.11264222503160544	0.9648384590299444	-0.056343770712387276	0.9664822153156093	0.06591212747863229
0.9583333333333326	0.1314159292035397	0.9777055085067332	-0.04894526449788214	0.9789298750580541	0.041696299718822605
0.9583333333333326	0.15018963337547397	0.9888464173497612	-0.041635490131797764	0.9897225627133965	0.020449248856026836
0.9583333333333326	0.16896333754740822	0.9985685374073855	-0.03444798332940102	0.9991625430606312	0.001674212544612197
0.9583333333333326	0.18773704171934247	1.0070997854619625	-0.027406781717541573	1.0074726346465417	-0.015001109561644022
0.9583333333333326	0.20651074589127671	1.014616074974524	-0.02052893770460093	1.014823736852853	-0.0298672168799885
0.9583333333333326	0.22528445006321096	1.0212572371249744	-0.013826242380284903	1.0213508257981165	-0.043157509358494606
0.9583333333333326	0.2440581542351452	1.0271369314830072	-0.0073064515697384425	1.027162918066491	-0.05506366025086873
0.9583333333333326	0.26283185840707946	1.0323491666017734	-9.742005489717376E-4	1.032349626265291	-0.06574575085008583
0.9583333333333326	0.2816055625790137	1.0369727867461336	0.005168291413087195	1.036985666095811	-0.07533927168817289
0.9766666666666659	-0.2816055625790139	0.9004554063414419	0.123491784298378	0.9088840187827754	0.17392984040127168
0.9766666666666659	-0.2628318584070797	0.8989763091234728	0.12213092913027747	0.907234461545353	0.17692563178451337
0.9766666666666659	-0.24405815423514543	0.8973476294417171	0.12068615859214092	0.9054269252349394	0.1802020830596035
0.9766666666666659	-0.22528445006321118	0.8955538402919734	0.11914328259185814	0.9034444103808849	0.1837881973515353
0.9766666666666659	-0.20651074589127694	0.8935790927023755	0.11748738621130783	0.901269593869429	0.18771311916643463
0.9766666666666659	-0.1877370417193427	0.8914079191292945	0.1157042545182738	0.8988857284438597	0.1920044471999517
0.9766666666666659	-0.16896333754740844	0.8890265770419811	0.11378333436798073	0.896278361820075	0.19668509813312263
0.9766666666666659	-0.1501896333754742	0.8864257511350231	0.11172377861272931	0.8934387583840294	0.20176718501720392
0.9766666666666659	-0.13141592920353995	0.8836064107852086	0.10954695597928667	0.8903711724584565	0.2072391752549534
0.9766666666666659	-0.11264222503160569	0.8805937726119584	0.10732337826448715	0.8871097451189811	0.21303630011493635
0.9766666666666659	-0.09386852085967143	0.8774746446271618	0.105234400016464	0.8837624289990998	0.21896396908961102
0.9766666666666659	-0.07509481668773717	0.8745124538050089	0.10372607069477248	0.8806424527592539	0.2244688703981652
0.9766666666666659	-0.05632111251580291	0.8725725545163859	0.10393115437171492	0.8787403187200918	0.22781545225571143
0.9766666666666659	-0.037547408343868646	0.8751354432484523	0.10885230508200644	0.8818791687931693	0.22228913164866881
0.9766666666666659	-0.018773704171934386	0.9007565209970975	0.12340260230840208	0.9091702328911128	0.17340948762471975
0.9766666666666659	-1.249000902703301E-16	0.9869111421998588	0.04589434631080416	0.9879776787061162	0.023900106378474284
0.9766666666666659	0.018773704171934136	0.8372424214683175	-0.044031864517634606	0.8383994736395242	0.2970863226009688
0.9766666666666659	0.037547408343868396	0.8793293783465912	-0.05425776353158346	0.8810017369601786	0.22383593947314828
0.9766666666666659	0.05632111251580266	0.9057445105608588	-0.055060240324187215	0.9074165242465485	0.1765952515243131
0.9766666666666659	0.07509481668773692	0.9265442158406837	-0.052308535191732036	0.9280195939535609	0.13877963323826792
0.9766666666666659	0.09386852085967118	0.9438493926420954	-0.04799106379289805	0.9450686843795145	0.10684518180517355
0.9766666666666659	0.11264222503160544	0.9585908212837247	-0.04286588340839939	0.9595487723976246	0.07926615339021159
0.9766666666666659	0.1314159292035397	0.9713249566594165	-0.03729271059650968	0.9720405946734182	0.05513708230694758
0.9766666666666659	0.15018963337547397	0.9824295017737971	-0.031471965919713824	0.9829334721100725	0.0338417894056372
0.9766666666666659	0.16896333754740822	0.9921786175263708	-0.025527726050201593	0.9925069641437457	0.014929926126165394
0.9766666666666659	0.18773704171934247	1.000780257944991	-0.019542177242435926	1.0009710392333124	-0.0019430213838174115
0.9766666666666659	0.20651074589127671	1.0083973434552043	-0.01357211955878393	1.0084886735689356	-0.01704940471683103
0.9766666666666659	0.22528445006321096	1.0151607461852805	-0.007657812214804216	1.0151896289281983	-0.030609982683373005
0.9766666666666659	0.2440581542351452	1.0211776987145746	-0.001828157646759615	1.0211793351377494	-0.04280723451237578
0.9766666666666659	0.26283185840707946	1.026537477221823	0.0038960365912532047	1.0265448705449096	-0.05379437124206521
0.9766666666666659	0.2816055625790137	1.031315382921394	0.00949988822510811	1.0313591357653216	-0.06370166692659107
0.9949999999999992	-0.2816055625790139	0.9018099792461112	0.12215153084377742	0.9100451830295844	0.17181776484465028
0.9949999999999992	-0.2628318584070797	0.9004131590321239	0.12065823862547853	0.9084614837770569	0.1746977324935881
0.9949999999999992	-0.24405815423514543	0.898880411769048	0.11906680418325422	0.9067319882525964	0.1778371014794934
0.9949999999999992	-0.22528445006321118	0.8971972313197428	0.11736219089300967	0.9048407350130847	0.18126324426098062
0.9949999999999992	-0.20651074589127694	0.8953477975076423	0.11552875134633317	0.9027704973521392	0.18500542911057116
0.9949999999999992	-0.1877370417193427	0.8933145685181719	0.11355172376616436	0.900502588723139	0.18909508770292505
0.9949999999999992	-0.16896333754740844	0.8910774180084087	0.11142031861025914	0.8980163986719529	0.19356654771625614
0.9949999999999992	-0.1501896333754742	0.8886117655059426	0.10913403108801893	0.8952882812463866	0.19845889346289103
0.9949999999999992	-0.13141592920353995	0.885884379000056	0.10671585405948146	0.8922888581978144	0.20382059353604054
0.9949999999999992	-0.11264222503160569	0.8828433893453582	0.1042413476715103	0.8889762137848078	0.20972129132482764
0.9949999999999992	-0.09386852085967143	0.8793923118736804	0.10190776424253777	0.8852773749483542	0.21628396940455108
0.9949999999999992	-0.07509481668773717	0.8753129569152814	0.10021797247086571	0.8810314492400055	0.2237835854500555
0.9949999999999992	-0.05632111251580291	0.8699887684864047	0.1005571344669341	0.8757809055835211	0.23300780541530774
0.9949999999999992	-0.037547408343868646	0.8610794988099039	0.10754186581801706	0.8677690684590778	0.24697684382566443
0.9949999999999992	-0.018773704171934386	0.8337020317878212	0.14506295976607217	0.8462283025893392	0.28389765989676574
0.9949999999999992	-1.249000902703301E-16	-0.4230236619831029	0.9361575229367893	1.0272973894392703	-0.05533992634873974
0.9949999999999992	0.018773704171934136	0.8754963594064195	-0.013555957858075174	0.8756013015792886	0.23332236067265566
0.9949999999999992	0.037547408343868396	0.8866957494026919	-0.029771116418638277	0.8871953963933839	0.21288432861838646
0.9949999999999992	0.05632111251580266	0.9062588158643311	-0.03439881940514147	0.9069114180052466	0.17751167989171301
0.9949999999999992	0.07509481668773692	0.9243629646345999	-0.034753312527556535	0.9250160447904159	0.14434531688029528
0.9949999999999992	0.09386852085967118	0.9402875611416545	-0.03291657695929326	0.940863538817632	0.11477580132356235
0.9949999999999992	0.11264222503160544	0.9542318613823445	-0.029793483578670066	0.9546968612816146	0.08855390305903355
0.9949999999999992	0.1314159292035397	0.9664831694723939	-0.025865398853519905	0.9668292174584173	0.06524126426874444
0.9949999999999992	0.15018963337547397	0.9772952633156646	-0.021420099010925453	0.9775299751623333	0.04443514765912804
0.9949999999999992	0.16896333754740822	0.986876174221454	-0.016643094720748763	0.9870165023178982	0.025798424152142507
0.9949999999999992	0.18773704171934247	0.9953947727547425	-0.011660317098655837	0.9954630664280352	0.009053283377693289
0.9949999999999992	0.20651074589127671	1.0029891114295029	-0.006560418352651615	1.0030105666118905	-0.00603019673510552
0.9949999999999992	0.22528445006321096	1.0097733515196277	-0.001407423673170094	1.0097743323538073	-0.019644202280577394
0.9949999999999992	0.2440581542351452	1.015843028811988	0.0037516108114135083	1.0158499563270127	-0.03195113376959369
0.9949999999999992	0.26283185840707946	1.0212789784663743	0.008881712459963692	1.0213175983373353	-0.043089636673542486
0.9949999999999992	0.2816055625790137	1.0261502691828124	0.01395673734499095	1.0262451780453223	-0.053179165461275435
1.0133333333333325	-0.2816055625790139	0.9032812515914792	0.12089151767358669	0.9113351625621017	0.16946822147790774
1.0133333333333325	-0.2628318584070797	0.9019794628562358	0.11927892910120405	0.9098320802994109	0.17220558565804633
1.0133333333333325	-0.24405815423514543	0.9005564535378758	0.11755526717897825	0.9081966564848372	0.17517883314976268
1.0133333333333325	-0.22528445006321118	0.8989989108268728	0.11570405278170406	0.9064140717674317	0.17841353050198516
1.0133333333333325	-0.20651074589127694	0.8972913977541161	0.11370758920849686	0.9044673948391637	0.18193873167285635
1.0133333333333325	-0.1877370417193427	0.8954150453041071	0.11154785279267262	0.9023364266279024	0.18578897318038812
1.0133333333333325	-0.16896333754740844	0.8933449488455707	0.10920830055624006	0.8999953613982005	0.19000834946172251
1.0133333333333325	-0.1501896333754742	0.8910448162834389	0.10667736206316661	0.8974078917651345	0.19465907579765673
1.0133333333333325	-0.13141592920353995	0.8884554734751549	0.10395503326876256	0.8945165047610195	0.1998402227101289
1.0133333333333325	-0.11264222503160569	0.8854686765810755	0.1010650604053228	0.891217663447585	0.2057310763590271
1.0133333333333325	-0.09386852085967143	0.8818626650931365	0.09807599627201401	0.8872996456270663	0.21269933887008252
1.0133333333333325	-0.07509481668773717	0.8771273013177568	0.095127198305026	0.8822706424756152	0.22159851342566528
1.0133333333333325	-0.05632111251580291	0.8699314731998933	0.09237687007911365	0.8748224129441072	0.23468574581064994
1.0133333333333325	-0.037547408343868646	0.8563355132424117	0.08906897033112848	0.8609551630114034	0.25875620728400783
1.0133333333333325	-0.018773704171934386	0.82577856019842	0.07382603017952685	0.8290720796260383	0.3126394867845559
1.0133333333333325	-1.249000902703301E-16	0.8218132031024838	-0.003832464927562146	0.8218221392618876	0.32460837141901455
1.0133333333333325	0.018773704171934136	0.8753344261978424	-0.011741259208225802	0.87541316808402	0.23365178514509932
1.0133333333333325	0.037547408343868396	0.8924907065824854	-0.01342962995445085	0.8925917411094602	0.20327998370318245
1.0133333333333325	0.05632111251580266	0.9087383921091025	-0.01733039766930658	0.9089036296420062	0.1738941920235868
1.0133333333333325	0.07509481668773692	0.9243349471691312	-0.01914586013780159	0.9245332111495924	0.14523834148142312
1.0133333333333325	0.09386852085967118	0.9386183526853804	-0.019012064912065973	0.9388108811736461	0.1186341293899622
1.0133333333333325	0.11264222503160544	0.9514805024133057	-0.017461462970627034	0.9516407143253968	0.09437995083824857
1.0133333333333325	0.1314159292035397	0.9630064802202516	-0.014916494944761244	0.9631219978630096	0.072396017232365
1.0133333333333325	0.15018963337547397	0.9733290416505856	-0.011675768207122572	0.9733990686679713	0.05249425311632605
1.0133333333333325	0.16896333754740822	0.9825820513594892	-0.007949133070976139	0.9826142052557565	0.03446932362959809
1.0133333333333325	0.18773704171934247	0.9908870305145002	-0.0038864429446001936	0.9908946521606652	0.018127788319394322
1.0133333333333325	0.20651074589127671	0.9983505616545405	4.032164502400515E-4	0.9983506430805973	0.0032959934605578667
1.0133333333333325	0.22528445006321096	1.005065132773289	0.004839041441768527	1.0050767818622934	-0.010179337438664282
1.0133333333333325	0.2440581542351452	1.0111108959738617	0.009360316658102164	1.0111542214148173	-0.022432859485005174
1.0133333333333325	0.26283185840707946	1.0165574898633016	0.013920917338261701	1.0166528031421127	-0.03358292213671543
1.0133333333333325	0.2816055625790137	1.021465664705762	0.018485528003592794	1.0216329178909398	-0.043733818918355816
1.0316666666666658	-0.2816055625790139	0.9048566460591237	0.11972297405797687	0.9127426474284268	0.1669008595653465
1.0316666666666658	-0.2628318584070797	0.9036611493154872	0.11800528722559088	0.9113334848426132	0.16947127940461848
1.0316666666666658	-0.24405815423514543	0.9023604763799434	0.11616516777400106	0.9098069990589215	0.1722512244633997
1.0316666666666658	-0.22528445006321118	0.9009431048205577	0.11418435682366383	0.9081500677018861	0.1752634545330597
1.0316666666666658	-0.20651074589127694	0.8993951353474023	0.1120423195452323	0.9063471138894017	0.17853490914435188
1.0316666666666658	-0.1877370417193427	0.8976986537675862	0.10971615823902624	0.9043785205072418	0.1820994916451325
1.0316666666666658	-0.16896333754740844	0.8958286207623595	0.10718045444582774	0.9022175832869838	0.1860034324077945
1.0316666666666658	-0.1501896333754742	0.893746864413075	0.1044066618030217	0.8998245432733285	0.19031579132294574
1.0316666666666658	-0.13141592920353995	0.8913902270826671	0.10136075553639148	0.8971346274118489	0.19514946029860303
1.0316666666666658	-0.11264222503160569	0.8886466799369938	0.09799485336750187	0.8940335077890313	0.20070408695044006
1.0316666666666658	-0.09386852085967143	0.8853067960949107	0.09421843206641194	0.890306259751603	0.20735476384711116
1.0316666666666658	-0.07509481668773717	0.8809696687395788	0.08979951620470536	0.8855345901486414	0.21582848965027757
1.0316666666666658	-0.05632111251580291	0.8749097850549723	0.08402391432774116	0.8789352366152431	0.2274728498361066
1.0316666666666658	-0.037547408343868646	0.8662960315179222	0.07460970744753907	0.8695029745027376	0.2439645773308916
1.0316666666666658	-0.018773704171934386	0.8574582369810035	0.05594837596831087	0.859281588852026	0.26163515105993773
1.0316666666666658	-1.249000902703301E-16	0.861836055855583	0.027873220844253754	0.8622866713645411	0.25646169638705996
1.0316666666666658	0.018773704171934136	0.8805300116187391	0.010097226383849578	0.8805879032452941	0.22456494465805654
1.0316666666666658	0.037547408343868396	0.8973815469134935	0.002244018111819651	0.8973843526372302	0.19470132364185933
1.0316666666666658	0.05632111251580266	0.9120094251708516	-0.00261083752200833	0.9120131622257617	0.16823199192696647
1.0316666666666658	0.07509481668773692	0.925638808042416	-0.005409052776401996	0.9256546120482102	0.14316353919387748
1.0316666666666658	0.09386852085967118	0.9383284511731212	-0.006435484856039925	0.9383505196600473	0.11949830225371916
1.0316666666666658	0.11264222503160544	0.9500086847527704	-0.006058098784470778	0.9500280004644974	0.09744679833342884
1.0316666666666658	0.1314159292035397	0.9606769012717326	-0.00461759230913783	0.9606879986737585	0.07707856920420852
1.0316666666666658	0.15018963337547397	0.9703806423894337	-0.0023857569704169856	0.9703835751703818	0.058355717039548005
1.0316666666666658	0.16896333754740822	0.9791896155369353	4.3051485248740695E-4	0.9791897101779662	0.04118751148159061
1.0316666666666658	0.18773704171934247	0.9871795184414469	0.0036752700685715456	0.9871863599343155	0.025463090759636153
1.0316666666666658	0.20651074589127671	0.9944243329654936	0.007230514818535677	0.9944506193564404	0.011067965661592072
1.0316666666666658	0.22528445006321096	1.0009930873256403	0.011006241011209283	1.0010535940772172	-0.002108298214913873
1.0316666666666658	0.2440581542351452	1.0069487796545773	0.01493317084081272	1.0070595039217909	-0.014168844439203632
1.0316666666666658	0.26283185840707946	1.0123482969520734	0.018957544198788312	1.0125257837822268	-0.025208462823812727
1.0316666666666658	0.2816055625790137	1.0172427635085677	0.02303735920536326	1.0175035920475686	-0.035313559829704744
1.0499999999999992	-0.2816055625790139	0.9065226307921465	0.11865552482323065	0.914255114128103	0.16413758629060937
1.0499999999999992	-0.2628318584070797	0.905442911805636	0.11684806449939658	0.9129514426935991	0.16651966328367607
1.0499999999999992	-0.24405815423514543	0.9042754364723271	0.11490888267482381	0.9115471004423162	0.16908188367520582
1.0499999999999992	-0.22528445006321118	0.9030112532364531	0.1128180461654662	0.9100314472655673	0.17184276498773698
1.0499999999999992	-0.20651074589127694	0.9016394613708105	0.11055225421256498	0.9083917212373332	0.17482448078747503
1.0499999999999992	-0.1877370417193427	0.9001458648386577	0.10808383968526307	0.9066116557750868	0.1780553056127554
1.0499999999999992	-0.16896333754740844	0.8985106011690316	0.10537892789926784	0.904669010665411	0.18157398114166634
1.0499999999999992	-0.1501896333754742	0.8967040440650951	0.10239371109777225	0.9025312264487417	0.18543738528493003
1.0499999999999992	-0.13141592920353995	0.8946799909673195	0.09906638780044791	0.9001480075127155	0.1897335645708883
1.0499999999999992	-0.11264222503160569	0.892365401548851	0.0952989360113628	0.8974396342297012	0.1946021029136601
1.0499999999999992	-0.09386852085967143	0.889649440662745	0.09091505362301434	0.8942827708542811	0.20025832575318936
1.0499999999999992	-0.07509481668773717	0.8863923012262727	0.08556515894179309	0.8905126097355059	0.20698729190205845
1.0499999999999992	-0.05632111251580291	0.8825436436364967	0.07853868297583713	0.8860313807347698	0.21494839235323737
1.0499999999999992	-0.037547408343868646	0.8786482714449253	0.06857092238976684	0.8813198944257066	0.2232752436894614
1.0499999999999992	-0.018773704171934386	0.8769988114582004	0.05449385314398403	0.8786902157925591	0.22790350467042586
1.0499999999999992	-1.249000902703301E-16	0.8813317824545771	0.03816118291755058	0.8821575747258699	0.22179801335377136
1.0499999999999992	0.018773704171934136	0.891621585960227	0.024694676284998107	0.8919634967794654	0.20440112041294856
1.0499999999999992	0.037547408343868396	0.9038931396580412	0.01581533829332482	0.9040314888576634	0.1827270671537965
1.0499999999999992	0.05632111251580266	0.9160900313084201	0.01012783263619349	0.9161460137208309	0.16067648154343106
1.0499999999999992	0.07509481668773692	0.9278400176540345	0.006622916738076884	0.9278636545238522	0.1390690386136414
1.0499999999999992	0.09386852085967118	0.9390143310700122	0.004809547022259192	0.9390266480230589	0.11822895430257829
1.0499999999999992	0.11264222503160544	0.9495095496558235	0.004343087529277784	0.9495194823156035	0.09841275270310845
1.0499999999999992	0.1314159292035397	0.9592701699983802	0.004936895893819293	0.9592828738124056	0.07977636801021226
1.0499999999999992	0.15018963337547397	0.9682862468103499	0.006354766533706813	0.9683070994368325	0.0623813611802283
1.0499999999999992	0.16896333754740822	0.9765779027871286	0.008407354275762419	0.9766140915520443	0.04622491618197533
1.0499999999999992	0.18773704171934247	0.9841817304302962	0.010945163313353878	0.9842425895645485	0.031266524887271774
1.0499999999999992	0.20651074589127671	0.9911418608161744	0.013850720749393947	0.9912386346018937	0.01744596927257358
1.0499999999999992	0.22528445006321096	0.9975047217286072	0.017031619963055356	0.9976501119878812	0.004694254050568003
1.0499999999999992	0.2440581542351452	1.0033161540278295	0.020414899301794576	1.0035238278420187	-0.007060073046697424
1.0499999999999992	0.26283185840707946	1.0086199225827779	0.023942682003310928	1.0089040589929255	-0.01788740025240032
1.0499999999999992	0.2816055625790137	1.0134570231072972	0.027568847056532036	1.0138319283853372	-0.027855179013531517
GEOMETRY F=POINT, CS=GRID, X=0.0,Y=0.0,Z=0.0, C=BLACK, S=LOCAL, L=SOLID, PL=2, LT=0.1, FC=CUST1, CLIPPING=CLIPTOVIEWPORT, DRAWORDER=AFTERDATA, T=LINE, DT=SINGLE
1
80
1.0	-5.5E-4
0.99	4.2E-4
0.975	0.00153
0.95	0.00246
0.925	0.00228
0.9	0.00108
0.85	-0.00409
0.8	-0.01221
0.75	-0.02227
0.7	-0.03316
0.65	-0.04397
0.6	-0.05386
0.55	-0.06237
0.5	-0.06934
0.45	-0.07412
0.4	-0.07672
0.35	-0.07763
0.3	-0.07713
0.25	-0.07527
0.2	-0.07194
0.15	-0.06689
0.125	-0.06358
0.1	-0.05962
0.08	-0.05576
0.065	-0.05229
0.05	-0.04806
0.035	-0.04264
0.025	-0.03794
0.02	-0.03502
0.016	-0.03225
0.0125	-0.02935
0.01	-0.02688
0.008	-0.02455
0.0065	-0.02252
0.005	-0.02016
0.0035	-0.01735
0.002	-0.01373
0.001	-0.0102
5.0E-4	-0.00748
0.0	0.0
1.0	5.5E-4
0.99	0.00258
0.975	0.00577
0.95	0.01129
0.925	0.01696
0.9	0.02269
0.85	0.03415
0.8	0.04523
0.75	0.05551
0.7	0.06458
0.65	0.07212
0.6	0.07789
0.55	0.08206
0.5	0.08495
0.45	0.08678
0.4	0.08764
0.35	0.08755
0.3	0.08649
0.25	0.08441
0.2	0.08115
0.15	0.07648
0.125	0.07347
0.1	0.06985
0.08	0.06636
0.065	0.06321
0.05	0.0592
0.035	0.05372
0.025	0.04873
0.02	0.04514
0.016	0.0414
0.0125	0.03729
0.01	0.03375
0.008	0.03043
0.0065	0.02756
0.005	0.02424
0.0035	0.0203
0.002	0.01518
0.001	0.01051
5.0E-4	0.0073
0.0	0.0
